previous CTC,previous job changes,Graduation marks,Exp,College_Tier 2,College_Tier 3,Role_Manager,City type_Non-Metro,Actual CTC,Predicted CTC
55523.0,3,66,19,0,0,1,1,71406.57653,86123.93772412349
57081.0,1,84,18,1,0,0,0,68005.87063,65789.54686288863
60347.0,2,52,28,1,0,0,0,76764.02028,69941.69069909462
49010.0,2,81,33,0,1,0,0,82092.38688,66843.03841250407
57879.0,4,74,32,0,1,0,0,73878.09773,70556.76157943037
54340.0,4,73,31,1,0,0,1,59950.89225,63790.433370465515
60298.0,1,42,46,1,0,0,1,66602.33931,70565.48164110858
49944.0,2,56,37,0,1,0,1,57768.43504,64311.32056881468
53124.0,4,40,37,0,0,0,0,70083.30436,74488.05094643193
51141.0,1,47,60,0,1,0,1,85648.48147,70869.4247378361
49497.0,1,50,25,0,0,0,0,74914.14603,69793.43490566095
50197.0,2,66,62,1,0,1,1,85219.39144,89390.2353712302
63234.0,4,73,23,0,0,0,0,82910.93833,75307.96107568205
60059.0,2,71,56,1,0,0,1,74350.0782,72911.99779992728
66487.0,1,50,27,1,0,1,0,103595.8285,91851.82163288949
49292.0,4,49,19,0,0,0,0,70729.63282,68063.74321374671
55400.0,4,48,52,0,0,0,1,70051.93691,75290.19046619532
53089.0,2,72,23,0,0,0,0,69403.49341,70788.28323693611
69345.0,3,79,56,0,0,0,0,84710.53255,86619.81511883886
63508.0,1,48,30,0,0,1,0,95879.94276,96782.65824167206
60057.0,1,61,60,0,0,0,1,73487.12624,79504.42792293843
52402.0,3,35,30,0,0,0,1,61597.98193,68316.14187013946
60180.0,2,68,18,1,0,0,0,63119.80038,67218.43054210319
53422.0,4,44,34,0,0,1,1,98586.82528,89110.56073809174
49857.0,3,37,37,0,1,0,0,71502.56406,68392.96280741207
48682.0,3,82,59,1,0,0,1,64320.6691,68481.82725720937
48516.0,2,37,63,0,0,0,1,77310.21816,75128.02852839098
54363.0,3,44,55,0,1,0,1,74825.19815,70982.62935125528
39636.0,3,43,23,0,1,0,0,59230.43528,60130.1460180813
65172.0,1,44,31,0,0,1,0,107138.1405,97807.6593193673
58529.0,1,65,22,0,0,1,0,102763.6109,92400.5607349803
50011.0,2,72,18,0,0,0,1,69764.49043,64022.99898861286
50020.0,4,75,19,0,0,0,1,59889.14135,64216.96450513065
55764.0,2,64,63,0,1,0,0,82356.40782,77723.40789724996
60894.0,4,80,28,0,0,1,0,118651.8947,94880.31348255888
42259.0,4,37,19,0,1,0,0,66762.27178,60271.785235942065
59978.0,2,75,62,0,1,0,1,79454.73947,75246.72762259055
47129.0,1,41,26,0,0,0,0,66079.8501,69015.87414364582
57485.0,1,77,35,0,0,1,0,103774.3436,95251.49756186247
62593.0,3,71,60,0,0,1,0,112716.4449,103995.5831942241
48913.0,3,41,24,0,0,0,1,62819.16251,65164.97535870384
66101.0,4,81,31,1,0,0,1,55470.54982,69072.40166674671
49622.0,2,73,41,1,0,0,0,69510.04982,68387.88296371256
59386.0,4,46,37,1,0,0,1,68064.76305,67721.42988530366
66050.0,1,35,38,0,0,0,0,69116.92554,80689.67012770247
59492.0,1,69,55,0,0,0,0,86354.83986,82005.93303575793
61134.0,3,72,18,0,0,0,1,60456.69196,69017.02849071182
61956.0,4,54,28,0,1,0,1,71791.28441,67354.61412238702
46086.0,4,50,60,1,0,0,1,67626.88844,67656.26622147267
61481.0,3,79,36,1,0,1,0,99794.40393,91757.61136411614
55727.0,3,79,18,0,0,0,1,70350.78937,66549.69779773445
61576.0,2,73,21,0,1,0,1,58818.76609,65359.111881956036
57563.0,1,64,48,0,0,1,0,86487.57594,98700.43078835304
58288.0,3,84,36,1,0,1,0,92378.50264,90297.41263401599
55282.0,3,60,40,0,1,0,1,73281.55099,67455.09615484123
66624.0,1,63,58,0,1,1,0,110438.1706,100725.64361630128
59443.0,3,52,58,0,0,0,1,67485.09818,78684.05723643716
51937.0,3,64,18,1,0,1,0,92518.36539,82841.4600311502
46477.0,3,37,53,1,0,1,1,72977.62735,85456.72014129374
62470.0,3,60,34,0,1,0,1,64770.74983,69147.5039263882
51123.0,2,52,43,0,0,0,0,74845.87129,75152.31102608453
56301.0,3,58,25,1,0,0,0,59913.31243,67286.76752474741
46670.0,1,69,64,0,1,0,0,95961.18279,73886.33978038357
54375.0,2,82,28,0,1,0,1,60766.37878,63886.90284595196
45227.0,4,40,20,0,1,1,1,69193.95883,77139.46368330039
50787.0,4,81,19,0,0,0,1,66433.39518,64541.422327464534
62919.0,3,42,61,0,0,0,1,73410.9462,81067.14053124466
51770.0,3,45,40,0,1,0,0,68447.6312,70004.46360496547
60123.0,1,47,40,1,0,0,1,60185.39616,68914.54721181357
51002.0,4,41,28,1,0,1,0,76765.01607,85063.58981340498
46940.0,1,69,27,1,0,1,1,70157.02715,78874.55812190498
49905.0,4,66,31,0,0,0,0,75297.3393,71385.76748711732
51505.0,2,55,53,0,0,0,1,76960.47645,73822.6916694057
52474.0,3,79,58,1,0,0,0,76204.89111,74026.86223436511
49172.0,2,57,44,0,0,0,0,63782.20198,74511.93164068102
56916.0,3,42,57,0,1,0,0,69415.10843,76741.30997575726
59386.0,1,38,29,1,0,0,1,64472.35678,65766.2471884308
55748.0,3,84,21,1,0,0,0,60815.41688,65906.3127096642
65574.0,2,83,22,0,0,0,1,55902.82816,72046.72997582727
58541.0,4,79,41,0,1,0,1,64468.29368,69087.34295515166
50672.0,4,79,31,0,0,0,0,76093.35759,71684.65882421992
68071.0,1,70,45,0,0,0,1,81430.49293,79206.51467096753
58815.0,4,71,22,1,0,1,0,106165.0774,86928.67265799275
62493.0,3,74,48,0,1,0,1,67374.71261,72731.92658517195
60182.0,4,59,37,0,0,1,1,103574.4499,92885.36708942719
42941.0,1,49,45,0,1,1,0,74191.43026,86715.46747046034
55505.0,2,40,57,0,1,1,1,100887.8476,91419.82431487716
54114.0,3,82,56,0,0,0,1,78715.15961,75650.06536025874
57670.0,1,41,46,0,1,0,1,70686.70528,70214.62161296081
54361.0,2,68,55,0,1,0,1,73231.75259,70923.1108435
67083.0,4,39,21,1,0,0,1,66296.73184,67079.85864073221
52483.0,2,65,53,0,1,0,1,71738.23274,69568.09467322734
55581.0,4,49,59,0,0,1,0,99551.33884,100621.38193663585
62243.0,1,41,35,0,1,0,0,75903.41505,73511.9873627665
59293.0,1,81,64,0,0,1,1,105308.7845,99482.0698902048
59707.0,3,70,28,1,0,0,1,56003.61167,65477.31019062689
57726.0,4,84,54,0,0,0,1,68673.29091,76726.99265536376
58401.0,4,45,55,1,0,0,0,76028.50225,76021.77183057422
41228.0,2,64,56,0,0,1,0,87418.05045,93366.14048089784
40945.0,1,46,38,0,0,1,0,74984.02065,88672.191652803
54794.0,4,47,41,0,0,0,1,66591.29272,72171.83030630533
51692.0,2,57,30,0,0,0,0,72088.04432,72024.77741337629
52305.0,1,35,18,0,0,0,1,78521.16794,65223.13202967729
56680.0,4,63,61,1,0,1,1,85688.7217,92011.84784195956
52300.0,4,52,34,0,0,0,1,66657.86216,69214.71070066164
56710.0,2,47,20,0,1,1,0,67879.01581,86438.20113238397
51351.0,1,69,19,0,0,0,1,60069.67908,64927.07272729148
51022.0,2,55,26,0,1,0,0,67820.30557,66034.02058486617
52096.0,3,37,29,1,0,0,0,65685.01767,66500.28031675422
59099.0,2,67,63,1,0,1,0,103305.2959,97746.18325174012
57677.0,4,77,54,0,1,0,0,76671.69402,76151.27681812717
59343.0,3,85,55,0,0,0,1,76577.9864,77741.54827880123
54767.0,1,35,37,0,0,0,0,66693.9751,75335.40387899651
60869.0,1,77,21,0,1,0,1,60125.96817,65054.26729815345
53949.0,4,81,52,0,0,0,0,80042.11083,78594.97837430163
48707.0,4,77,60,0,0,0,0,97106.10545,78313.86159303329
77911.0,1,50,58,1,0,0,0,87831.61698,85678.03810055787
54183.0,1,40,29,1,0,1,1,70630.94733,82769.24694832611
51099.0,3,71,49,1,0,0,1,67516.62665,67024.09740754816
51591.0,1,79,37,0,1,0,1,67573.29352,65000.13153437862
61057.0,1,41,44,0,0,0,0,80714.78837,79966.59520875782
48280.0,4,79,18,0,0,0,0,75430.51155,67238.21964450262
57606.0,4,78,20,0,1,0,1,54071.78777,63231.002227129815
55440.0,4,72,44,0,0,1,0,112826.2608,96589.59350703216
54055.0,1,63,47,0,1,0,1,60944.33193,68760.70117633264
49862.0,3,82,26,0,0,0,1,65065.52461,65961.67199351967
56204.0,2,65,19,0,0,1,1,82667.77413,86464.1662194165
65161.0,2,41,52,0,0,0,1,82517.58558,79781.84016977885
42143.0,3,38,32,0,1,1,1,88208.37147,78890.38399485906
57924.0,4,62,38,0,0,0,0,68023.41161,76834.2869381713
48755.0,2,69,59,0,0,0,1,73464.74883,74083.32136460292
50926.0,3,83,61,0,0,0,1,77222.00146,75501.43722558371
65158.0,3,67,53,0,0,0,1,67163.57407,79915.42360198991
46073.0,4,73,19,0,1,0,0,59241.32072,61862.67676108575
53110.0,4,43,20,0,0,0,1,72322.79081,65988.20336770259
50180.0,1,41,22,1,0,0,1,55226.52981,59785.33901332818
61124.0,3,64,19,0,0,0,0,73417.06923,73381.24933840129
54583.0,3,82,22,0,1,0,0,63534.87091,66478.72646926384
52400.0,3,72,54,1,0,0,1,90774.03529,68902.67096116094
64264.0,1,51,22,0,0,0,1,77666.94896,71601.05949866807
44197.0,3,52,34,0,0,0,0,95868.30175,69665.06983419505
56273.0,1,75,26,0,0,0,0,74544.56748,73021.06191340093
47481.0,4,42,34,1,0,1,0,77150.62719,85023.52179886581
58053.0,1,53,29,0,1,0,0,86298.81522,70022.33991705827
58071.0,4,76,30,0,1,1,0,74697.64028,89478.22514537007
66845.0,1,60,29,1,0,0,1,58695.64976,69054.32874659199
60396.0,3,72,46,0,1,1,0,96190.71566,94714.88012865836
67056.0,3,55,51,1,0,0,1,63582.13224,74806.48840128422
63823.0,4,39,53,0,1,0,1,61586.13808,74726.0399222147
49475.0,3,71,19,0,0,0,0,75037.6806,68095.07415037102
50330.0,3,80,35,0,1,0,0,61282.09425,67931.63382113844
57858.0,4,43,48,1,0,0,0,71522.23325,73971.27696230027
61627.0,3,58,32,0,0,0,1,74596.33064,72915.96587489286
49733.0,1,76,42,0,0,1,1,77168.22491,89486.40694877267
55308.0,2,36,40,0,0,0,1,75028.74584,72243.26685192189
66048.0,4,80,44,0,1,0,0,76619.74493,77331.19966342233
49405.0,1,63,48,1,0,1,0,75910.11212,89527.98016469809
49810.0,1,47,18,0,0,1,0,73056.76961,87493.09980943776
56330.0,4,46,30,1,0,1,0,94478.70035,87969.29767026848
56485.0,2,36,50,1,0,0,1,69960.24848,69872.19242637802
47053.0,2,46,42,0,1,1,1,67407.05031,83696.93518094656
64179.0,4,74,18,1,0,1,1,97119.39077,84223.72143011623
60385.0,4,78,54,0,0,0,0,83984.48155,82030.27029099347
50963.0,2,45,32,0,0,0,1,76385.23282,68176.69824795258
50024.0,1,77,37,0,1,0,0,66216.6966,68380.36706226104
50334.0,2,36,47,0,0,0,0,82526.92732,75890.2042721957
61054.0,3,68,20,0,0,0,1,74459.24646,69513.39174196817
58629.0,3,39,32,0,1,0,1,62936.69859,66971.75277667043
52519.0,2,45,19,0,1,0,1,59425.88581,60853.41730298766
46993.0,3,50,27,0,0,0,0,69437.6329,69122.44452198994
67559.0,4,45,63,1,0,0,0,72083.48917,82228.98711087219
55944.0,2,53,49,0,0,0,0,69163.36128,78879.43313934596
38709.0,3,56,18,0,0,0,0,72747.12074,63029.06689008
61130.0,3,58,35,0,0,0,1,66726.93653,73468.34600084298
54941.0,2,50,24,0,1,0,1,57067.6298,63223.617367092156
58639.0,2,46,63,0,0,1,1,109108.1167,99026.57854947934
52098.0,2,84,38,0,1,0,0,73831.46194,69521.30423020321
53618.0,2,52,54,0,0,0,0,79031.19752,79127.38301732202
57261.0,4,62,46,0,0,0,1,77631.45557,74525.82851220971
53158.0,4,66,41,0,0,0,1,78524.14656,71363.62915345124
53511.0,1,84,58,0,1,0,0,70856.24201,75367.25940045231
58408.0,2,56,18,1,0,0,1,61042.81055,62381.458428614504
46722.0,2,49,22,0,0,0,0,66407.60768,67738.05312093662
49331.0,1,78,44,0,1,0,1,71632.12785,65795.76784461274
53717.0,2,41,44,1,0,0,0,78002.77986,71130.85423432832
70258.0,4,38,36,0,0,1,0,115126.7459,101333.95586488556
53186.0,3,62,26,1,0,0,1,58559.16367,62043.80876083014
59273.0,1,80,30,0,0,0,1,62275.25329,71312.76488408062
59466.0,3,45,41,0,0,0,1,73749.43999,74318.01945201046
55639.0,1,40,29,0,1,0,1,55927.32182,64899.09735087691
61138.0,3,68,61,1,0,0,0,67174.80659,78756.4631902509
47831.0,4,74,36,0,0,0,1,70249.63459,67634.07034861622
51919.0,4,82,25,1,0,0,0,69896.21584,65191.18858426625
49310.0,1,47,56,0,1,0,1,68123.80322,69006.79509711124
61973.0,1,51,18,1,0,0,0,56131.76371,68119.26831012269
52475.0,3,39,19,0,1,0,0,63426.47769,64906.99743196892
62262.0,3,43,39,0,0,0,1,68762.5988,75070.09734930604
49159.0,3,57,45,1,0,0,1,65693.05207,65163.377083014704
44451.0,1,65,51,0,1,0,1,59721.74204,65452.05834010101
64873.0,3,48,64,0,0,0,1,85224.18671,82704.46135836063
55261.0,1,36,19,0,1,0,1,53356.7192,62153.59813811309
53405.0,1,46,48,1,0,0,1,67405.53923,67955.921863572
48982.0,3,77,60,0,1,0,1,73639.0617,69726.78205903925
60286.0,1,73,27,1,0,1,1,91956.83817,84886.91099446363
44712.0,2,49,46,0,0,0,0,76451.54717,73044.92627805291
49882.0,2,57,28,0,0,0,1,64100.13224,66608.93521566967
46791.0,3,59,59,1,0,0,0,78379.78756,71792.44605744745
52585.0,3,78,35,0,0,1,0,77592.93814,92976.95633170888
59130.0,1,79,63,0,0,0,1,70314.88687,79796.88060015975
63061.0,4,36,40,0,0,0,0,72339.71319,79766.9635077949
55293.0,4,39,20,0,0,0,0,75774.95376,71069.21794984341
54222.0,4,40,40,0,1,0,0,71232.98218,71100.99060529858
48720.0,3,66,24,0,1,0,0,61022.26774,64407.35474559293
49971.0,2,77,34,1,0,0,1,69437.40602,62637.7177654694
58774.0,4,70,45,0,0,0,1,73028.66894,74920.92947878203
59781.0,1,46,41,0,0,0,1,76811.44908,74514.70134059884
54690.0,3,71,53,0,1,0,1,65923.71667,70513.80544437643
43494.0,1,60,27,1,0,0,0,68676.9254,62071.872916905326
54356.0,1,69,26,1,0,0,1,67766.32868,62604.68866969613
44261.0,4,64,24,1,0,0,1,75535.50115,57459.11262843144
61570.0,3,74,34,0,0,0,1,75762.90757,73349.66866813274
59600.0,3,52,53,0,0,0,1,75588.76396,77460.25415281332
52971.0,2,56,32,0,0,0,0,70086.0658,73123.89870186879
57963.0,2,60,19,0,0,1,0,96125.17629,91357.35765740702
44781.0,2,75,42,1,0,1,0,80753.62312,85813.30008886739
62903.0,4,82,55,1,0,0,0,71048.23812,77919.70709369934
58282.0,4,78,28,1,0,0,0,71454.89543,68856.10719732435
66411.0,1,47,58,1,0,0,1,87222.87077,76415.09654635774
58109.0,4,44,41,0,0,0,1,75683.99176,73679.81869167046
51572.0,4,35,47,0,0,0,0,78834.20245,76394.84655868215
63031.0,1,48,42,0,1,0,1,72943.91058,71574.28348258628
54081.0,1,42,59,1,0,0,1,66774.10673,71124.15531971879
45676.0,4,81,19,0,0,0,1,58845.39621,62233.32969462003
52116.0,2,60,59,0,0,0,0,75689.82777,79714.57446256457
46127.0,1,56,39,0,1,0,0,68623.4136,67215.08926327055
48343.0,3,78,40,1,0,1,1,68392.66609,82783.41807390729
56666.0,3,47,18,1,0,0,1,53730.63497,61598.613142535105
67170.0,4,55,31,1,0,0,0,69913.10507,73730.69328109972
51096.0,3,70,19,0,1,1,0,80820.27362,83530.97113382372
64120.0,2,35,44,1,0,0,0,71001.52598,75850.69199189526
59001.0,2,81,23,0,0,1,1,89974.0452,88704.59717067663
45187.0,3,74,33,0,0,0,1,71161.34095,65692.27731132525
53027.0,4,69,55,0,0,0,1,106846.3433,74918.68237119695
55858.0,4,47,40,0,0,0,0,77673.28793,76473.96208210685
49074.0,3,58,63,0,0,1,1,84287.39457,94634.22052914169
54121.0,3,51,54,0,1,0,0,84320.29067,74669.41397688814
61285.0,3,44,60,1,0,0,1,77283.58877,74570.9859663266
63140.0,1,44,24,1,0,0,0,68416.85827,70225.48786266746
44907.0,1,60,19,0,0,0,0,70186.1926,66130.4549066383
52054.0,2,67,29,0,0,0,0,73394.09041,71892.78994450509
44353.0,3,75,18,0,0,1,0,70056.31309,84868.40760413466
54987.0,3,69,63,0,0,1,1,111873.3038,97264.31496970066
54808.0,2,51,54,1,0,1,0,101785.0447,93536.36891225308
58153.0,3,55,27,0,0,0,0,76298.89594,74143.96239514103
51912.0,2,66,50,0,0,1,0,113141.1443,96630.01322432442
51735.0,1,67,55,0,0,0,1,71890.0948,74429.65231860791
55928.0,4,75,56,0,1,1,0,108750.8697,95246.57005124565
61132.0,1,72,38,1,0,0,1,68120.02504,68761.01454906457
47560.0,4,70,51,0,1,0,0,67760.38062,70831.25339360643
53080.0,3,68,19,0,1,1,0,97151.37752,84434.23667025715
46136.0,1,73,58,0,0,0,1,81234.59901,72656.09001994136
54869.0,2,76,20,1,0,1,1,72296.78844,80588.04809737828
53471.0,3,58,52,0,0,1,0,82735.39843,97852.10588305994
66355.0,1,81,19,0,1,1,0,99815.95648,90439.73763197767
62836.0,4,41,53,1,0,0,1,72755.38016,73440.73832752803
70468.0,2,38,46,1,0,1,0,111172.916,98584.27325382856
45743.0,4,45,40,1,0,1,0,80222.49898,85781.3396757792
54083.0,3,83,59,0,0,0,1,70531.8226,76409.23554301413
50573.0,3,60,45,0,0,0,0,70207.24153,75363.55603311764
46637.0,4,46,49,0,0,0,0,66843.75255,74643.93970016189
50393.0,4,55,18,1,0,0,0,60213.58298,62788.08651706074
63916.0,1,70,50,0,0,1,0,105334.4985,102065.36927759608
62911.0,3,65,41,0,1,0,0,65659.68642,75221.5565245105
56876.0,1,35,50,0,0,0,0,83092.15943,79654.04219487209
54032.0,1,38,25,0,1,0,0,66571.16732,67225.50658482073
52888.0,4,76,47,0,0,0,1,78083.21034,72758.81930173982
43457.0,1,74,19,0,1,0,0,62954.4101,60764.78030160808
51281.0,3,55,22,0,0,0,1,66298.70223,65665.33370365362
54806.0,2,57,59,1,0,0,0,82475.16318,75448.31113185521
49646.0,1,59,51,1,0,0,1,74374.59907,66987.72449122451
52883.0,1,55,40,0,0,1,1,78949.12099,90467.7435697878
68419.0,4,46,54,0,0,1,0,106418.3208,105135.18876043183
50242.0,4,71,30,0,0,0,0,70060.23294,71260.75196445006
57133.0,3,72,55,0,0,0,1,77111.80888,76791.00801405344
52065.0,4,80,52,0,0,0,1,68439.79026,73667.25192170295
53490.0,2,72,46,1,0,0,0,68607.85659,71433.00086513587
68539.0,3,51,46,0,0,0,1,76839.09445,79688.11325794138
48471.0,1,52,63,0,1,0,1,70363.67449,70422.23115530639
59759.0,4,67,59,0,0,1,1,104376.5848,98361.81846494105
48380.0,2,76,52,1,0,0,0,83078.60512,70664.39425671849
56990.0,3,85,28,0,0,0,1,72326.82754,69687.55224566157
51090.0,3,80,29,0,0,0,0,88238.2417,71380.93232497387
74198.0,1,57,25,1,0,1,0,99644.51268,94790.60870867575
49883.0,2,83,22,1,0,0,1,60621.4848,59468.775734525756
54757.0,1,70,25,0,0,0,0,81168.13838,72095.76781845385
47031.0,1,77,18,0,0,0,0,69525.72682,66768.60809772697
50737.0,3,59,19,0,0,1,0,80080.38798,88068.75665011645
51867.0,3,71,47,1,0,1,0,82688.35277,90293.5606399314
55886.0,1,59,31,0,1,1,0,96427.6749,88899.6483696798
58056.0,2,35,48,0,1,0,1,69477.19058,70899.69078676689
53101.0,4,70,36,0,0,0,0,74538.40002,74109.15301089615
48782.0,4,48,53,0,0,1,1,79584.67817,91920.43125884829
61585.0,1,43,56,1,0,0,1,74831.09605,73732.43610000375
59979.0,4,75,28,1,0,0,1,58131.91129,65552.8405552058
63899.0,1,56,57,0,0,0,1,84743.00215,80480.88868717305
54798.0,1,54,29,0,1,0,0,75534.3971,68548.7518312663
54744.0,4,78,28,0,0,0,1,81481.55648,68669.79929765665
58383.0,2,46,30,1,0,0,1,69300.19403,65513.97985278532
58709.0,4,85,58,0,0,0,0,90313.74558,82283.59623979841
54126.0,2,43,41,0,1,0,1,73396.24209,67283.12634048804
52976.0,4,50,50,0,0,0,0,70039.58733,77750.91995335254
50339.0,2,60,19,0,0,0,1,70424.37488,64473.890446881516
61609.0,2,74,43,1,0,1,0,91694.56714,93675.30275621873
63395.0,1,66,49,1,0,0,0,74782.68355,76733.80835484913
61270.0,2,73,27,0,0,1,1,102262.8176,90794.24345506748
61862.0,4,51,52,0,0,0,0,79093.55121,82278.00568811788
60695.0,1,62,50,0,1,0,0,70326.56076,76620.33132629213
59922.0,3,42,54,0,0,0,0,86259.99791,81981.70863917469
53748.0,2,74,44,0,1,0,1,63434.77411,67776.02304626958
62196.0,2,69,32,0,0,0,0,66943.00746,77242.36497315232
52827.0,2,43,34,0,1,0,0,65127.5795,68964.49963146835
56003.0,1,68,26,0,0,0,1,79572.90617,68844.12094874086
60107.0,3,40,34,0,0,1,0,108959.6778,96253.68891893487
67292.0,3,46,57,0,0,0,0,75485.171,86072.16272252888
49605.0,4,58,29,0,0,0,0,66564.33827,70761.627096046
63647.0,3,50,40,0,0,0,0,77855.10905,80009.5053275394
48581.0,4,69,27,1,0,0,1,58157.33372,60168.55522347619
63334.0,1,71,45,0,1,1,0,94904.9151,95844.45494003041
62264.0,2,52,64,0,0,1,1,114996.2348,100900.63026056712
61180.0,1,53,52,0,0,0,0,84453.82063,82049.83804205194
63370.0,1,38,61,0,0,1,1,112185.2983,100703.44453793105
52121.0,4,64,52,0,1,1,0,85433.78224,92531.76823478454
58782.0,4,81,61,0,1,0,1,71725.41845,74367.68503427514
52717.0,3,81,56,0,0,0,1,69686.42924,75022.84207293534
65291.0,2,51,43,0,0,0,1,87624.82352,77473.55795294583
62820.0,3,62,64,0,0,0,0,75366.41121,85806.78493070707
55219.0,3,36,60,1,0,0,0,69293.67109,75941.41800453496
50637.0,4,81,62,0,1,0,0,72653.53997,75028.97669769911
56777.0,3,72,50,0,0,1,0,101676.2682,98776.058610637
48367.0,2,82,46,1,0,0,1,64602.94425,65002.38826695002
50440.0,4,49,24,0,0,0,1,84891.90635,65796.29807203998
56640.0,4,59,62,0,1,0,0,80912.22401,77820.24223860906
52862.0,4,38,60,0,0,0,1,75668.59508,76252.0957155775
66238.0,4,37,63,0,0,0,0,87865.9542,87153.65738086481
63067.0,2,41,49,1,0,0,1,72570.68212,72567.376178239
50768.0,4,65,34,1,0,0,1,63243.70668,62983.383374442295
62897.0,2,57,33,1,0,0,0,64127.08688,72369.69468748088
56970.0,3,43,46,0,0,0,0,81291.40537,78573.42814519233
50145.0,2,57,36,1,0,0,1,58437.39215,63307.22335950105
57744.0,3,71,19,0,1,0,0,68804.21812,67169.5664227914
50546.0,2,70,57,0,1,0,1,65555.14822,69710.85951774256
49630.0,3,39,50,0,0,0,1,78953.09393,72228.52905278315
49201.0,1,75,30,0,0,0,1,71665.52047,66782.58036732452
59672.0,1,41,33,0,0,0,0,78716.5421,76492.79162340124
65360.0,4,85,18,1,0,0,1,67305.64112,65356.93337150032
56630.0,4,78,46,0,0,0,0,91874.27451,78263.0128458078
66225.0,2,52,46,1,0,0,0,68828.38661,77257.08683867377
50905.0,1,51,47,0,1,0,0,71592.05846,71462.58828471712
70139.0,3,57,23,1,0,0,0,69655.87385,73021.68472262903
50225.0,3,78,18,1,0,0,1,55965.32082,58576.678602926106
58491.0,1,82,48,0,0,0,1,77991.99916,75613.24587830817
54429.0,3,73,35,0,0,0,0,67723.63994,74468.01221767484
48660.0,4,40,19,0,0,1,1,69552.89854,83090.57390917679
54944.0,4,52,21,0,0,0,1,71319.69157,67042.494666905
45569.0,1,45,21,1,0,0,1,61314.48737,57429.49289767702
54688.0,3,72,49,0,0,0,1,77659.79681,74133.21889023922
55031.0,3,38,56,0,0,0,1,79567.49558,76224.8799080124
47800.0,3,51,42,0,1,0,1,64852.24096,64627.0286224064
53525.0,3,76,44,0,1,0,0,76874.66773,71719.54915962373
58158.0,4,52,18,0,0,0,0,74609.27118,71797.67044957652
45831.0,4,50,61,0,1,0,1,67830.32327,68632.32504519689
49068.0,3,38,57,0,0,0,1,76946.27443,73790.97054606755
59055.0,1,62,42,0,0,0,1,74170.88398,74387.34766893467
56061.0,1,50,26,0,0,1,0,89914.72929,92376.57671301873
54739.0,1,41,20,1,0,0,0,57101.03568,65406.848236016805
48909.0,1,63,23,0,1,1,1,72988.31251,79582.17105072239
53938.0,1,61,39,0,0,1,1,75465.42477,90663.31957985551
64117.0,4,77,24,1,0,1,0,98229.46225,89818.98673770348
53523.0,1,61,64,0,1,0,1,75104.22212,72929.74923840503
54533.0,1,68,62,1,0,0,0,94600.0451,76090.7134192896
41686.0,2,52,27,0,0,1,1,71243.96953,82026.94249565146
52894.0,2,43,55,0,0,1,0,101285.2988,98452.18508118423
54634.0,2,76,55,1,0,0,0,78275.86986,74265.47979537322
71502.0,4,49,35,1,0,0,1,74600.08894,72664.09424419998
49626.0,3,59,44,0,0,0,0,72344.51137,74680.60902519718
64324.0,4,74,19,0,0,0,0,71994.50273,74760.78269576034
62778.0,1,51,58,1,0,0,1,77589.3606,74759.84918157206
52970.0,1,49,50,0,1,0,0,90017.28197,73179.25479268552
45893.0,4,75,26,0,1,0,1,65271.6839,59506.09247868991
50488.0,2,59,24,0,1,0,1,66640.88698,61179.80183721122
60137.0,4,65,48,0,0,0,0,89189.31287,80412.11195172626
57816.0,4,66,19,0,1,0,1,59189.51661,63110.72440890094
51943.0,1,62,48,0,0,0,0,69695.93535,76809.8382745395
59544.0,3,51,49,0,0,0,0,70403.99668,80483.43202048203
61499.0,2,76,46,0,0,0,1,64944.98507,76446.62974597295
41294.0,1,39,46,0,1,0,0,71733.24842,66907.2140573382
58538.0,1,75,43,0,0,0,1,76807.17767,74365.33403248596
57406.0,2,61,21,1,0,0,0,84235.7398,66768.09953149104
50528.0,1,68,64,0,0,0,0,74927.63134,80291.97009553494
61700.0,4,36,18,1,0,0,1,66204.57797,63883.067808187676
47270.0,1,51,51,0,0,0,1,68331.12,71435.96397905104
69065.0,1,76,47,1,0,0,0,80932.57875,78739.9367291372
60257.0,4,39,64,0,1,0,1,82519.16418,75964.00578007897
61079.0,1,79,49,0,1,0,0,77040.50861,76472.71242167556
42108.0,3,49,31,0,0,0,0,72612.42351,67955.82686558903
63977.0,4,63,52,0,0,0,1,84692.1592,79108.71966073633
45174.0,3,61,33,1,0,0,1,65377.42227,60241.88122365249
52699.0,3,69,47,0,0,0,1,69660.74971,72728.07587937845
42512.0,2,80,38,1,0,0,0,69717.82531,64374.66719619224
55176.0,3,75,32,1,0,0,0,57008.6599,68529.21967922899
38605.0,1,38,19,0,1,0,0,69365.77552,58705.13507799196
46677.0,1,39,44,0,0,1,1,77774.74162,88759.35667656836
45778.0,1,71,26,0,0,1,1,79016.85403,83575.5675118608
43939.0,2,39,25,0,0,0,0,74387.53526,67294.61483699754
56398.0,4,57,19,0,1,0,1,68191.78329,62503.2365055144
55835.0,2,42,43,1,0,0,1,60230.16351,67744.15824988546
63076.0,2,76,52,1,0,0,0,73796.53704,77301.00731331852
42990.0,4,69,36,0,0,1,1,72310.20056,84826.1133171022
65196.0,4,57,64,1,0,0,0,81015.31755,81376.98485895545
52971.0,3,38,63,0,1,1,1,81697.60174,91807.39461347388
59430.0,4,54,64,1,0,1,0,104243.1488,98143.9994458079
60711.0,1,65,61,1,0,1,0,101556.3383,97992.61604878402
55375.0,1,68,40,0,0,1,0,106794.9298,95626.21040232836
52454.0,4,73,25,0,0,0,0,71600.01982,70957.66811137751
58185.0,3,83,48,0,0,0,0,81949.56495,79493.90091518925
47925.0,1,36,45,1,0,0,0,73749.23065,68821.47027699849
47421.0,2,53,38,0,0,0,1,71375.68383,68101.58029185464
51533.0,3,61,18,0,0,0,1,72477.67164,64721.458481784524
36990.0,2,43,21,0,0,0,1,65008.01814,59025.54469407735
56116.0,1,67,27,0,1,0,1,84698.84786,64498.01241776577
62878.0,2,47,19,0,0,0,0,97088.21402,74264.47497324119
42736.0,3,64,29,0,1,0,1,60591.81302,58926.45190787774
55608.0,1,78,42,0,0,0,0,70832.22639,76852.84566833395
59842.0,4,46,60,0,0,0,1,71889.51369,79374.99712130311
56444.0,3,45,31,0,1,0,0,73635.67201,69784.74425046549
53316.0,1,48,60,1,0,0,0,70999.9178,75096.29036231495
53856.0,2,75,22,0,0,0,0,66756.42069,70864.75748246898
54873.0,2,58,35,0,0,0,0,72489.65408,74752.34610487748
68315.0,3,79,52,1,0,0,1,81832.10318,75546.32830888152
52544.0,1,42,26,0,0,0,0,73939.42398,71457.59874162648
57189.0,3,47,31,0,1,0,1,66790.50126,66033.2991463361
57695.0,2,55,33,0,0,1,1,96600.42026,90799.18415559975
68011.0,2,70,18,1,0,0,0,53020.31903,70747.55185586908
64691.0,2,44,59,1,0,0,1,80588.66884,75879.21282146616
53910.0,3,75,56,0,1,1,0,90228.62518,94364.29625684561
60907.0,2,57,45,0,0,0,1,79263.08925,75989.74069989743
54327.0,2,64,60,0,0,0,0,88561.51351,80957.37815766833
46538.0,1,53,56,0,1,0,1,62424.16233,67733.06473168604
52796.0,2,79,40,0,0,0,1,65442.63111,70951.81357147147
64231.0,1,75,35,0,0,0,0,66671.19081,78945.30604545749
59444.0,3,59,39,0,0,0,0,76341.12712,77819.64744537116
49831.0,3,63,30,0,1,0,0,73782.53704,66473.67566113226
45913.0,3,75,24,0,0,0,0,69436.16965,67766.59310933609
52310.0,4,47,20,0,1,0,0,56862.73903,65033.16516310562
69868.0,4,55,32,1,0,0,0,79427.58168,75208.03226450142
60939.0,1,74,59,0,0,0,0,91681.45038,83676.88912847228
57469.0,3,45,55,1,0,0,1,77103.63016,71549.35090914275
52571.0,3,72,57,0,1,0,1,66313.95368,70588.98975418569
67425.0,1,59,56,0,0,0,0,82675.11143,85883.88575398251
59817.0,1,78,40,1,0,0,1,67427.14409,68663.13669930317
65657.0,3,83,49,1,0,0,1,76090.00718,73554.56234788542
50292.0,1,49,42,0,0,1,0,85106.53114,93918.03840734856
60081.0,2,41,62,0,0,0,1,75901.99051,80077.15334384773
52897.0,4,49,56,0,0,0,0,82030.46172,79272.54030026877
52642.0,1,84,19,0,1,0,0,63601.24461,64876.13991165269
50843.0,3,45,30,1,0,1,1,67351.02288,81443.52226712447
56192.0,2,50,60,0,0,0,1,81955.26302,77770.15507153305
58100.0,4,67,56,0,1,0,1,67700.67024,72816.12826117326
47928.0,3,83,28,0,0,0,1,92828.33435,65602.51975384215
50000.0,4,37,18,1,0,0,1,64431.36681,58595.775499274634
59968.0,3,85,27,1,0,0,0,55221.35838,69362.02733469641
57102.0,3,49,18,0,0,0,1,66958.60141,67280.20904159622
51617.0,3,47,19,0,0,0,1,71871.00507,65069.46591945716
57304.0,2,85,47,0,0,0,1,93477.16505,74778.26589287259
53736.0,4,45,54,0,0,1,0,79771.46399,98508.0987699247
51073.0,2,45,61,0,1,1,0,86575.64706,94516.44152616593
50138.0,3,70,24,0,0,1,0,95813.53127,89052.77965234139
63654.0,2,56,25,0,1,0,0,75793.14006,71475.95236548957
57408.0,1,83,21,1,0,0,0,56636.897,66717.69210643566
55569.0,4,69,23,1,0,0,0,65668.71854,66369.1029442427
63988.0,2,79,63,0,1,0,0,80614.98142,81382.52470685769
61721.0,2,45,49,1,0,0,0,70220.51675,76025.49966394092
59669.0,2,81,18,1,0,0,1,53921.10989,62859.608525595526
65851.0,2,60,51,0,0,0,1,75572.87711,79765.1040615823
62411.0,4,42,48,0,0,0,0,77207.6997,81523.03895980446
55412.0,1,68,31,0,0,0,1,60710.05942,69871.93260159687
43715.0,1,78,54,0,1,0,1,75143.25118,65849.02708575175
54231.0,1,62,19,0,0,0,0,76382.82036,70333.80480597197
64433.0,3,46,44,1,0,1,1,111735.7598,91202.18992204632
55232.0,1,80,53,0,1,0,0,65540.32297,74864.35743677845
61583.0,3,52,19,0,0,0,1,67531.15496,69551.78156141743
46532.0,2,83,61,1,0,0,1,75598.31506,68054.17209466099
53540.0,1,67,18,0,0,0,1,69264.00119,65663.97421930729
64566.0,3,81,61,0,0,0,0,89477.53869,85749.0499140348
48681.0,4,81,21,0,0,1,0,82925.11795,87548.76939005934
56554.0,1,74,20,0,0,0,0,76083.29728,71597.96809455795
51206.0,3,53,31,0,0,0,1,68596.7392,67969.23470393711
52435.0,1,55,45,0,0,0,0,74170.1297,76280.76666802842
50155.0,4,39,44,1,0,0,1,59306.19076,65390.924418172144
64187.0,4,39,62,0,0,0,1,67432.58958,81880.6171638055
59413.0,1,82,29,0,0,1,0,95450.98208,94550.2635447905
46707.0,3,47,43,0,0,0,0,72730.05404,73147.29621417425
47277.0,3,59,51,1,0,1,0,83631.77012,89300.33887063708
58500.0,2,35,19,1,0,1,0,96401.16401,86199.16606727897
57730.0,3,77,38,1,0,0,1,64151.36984,67148.35045013882
51923.0,2,62,37,0,1,0,0,78114.29448,69263.686596301
51612.0,2,37,22,0,1,0,0,60924.86287,65330.44037134661
43980.0,3,77,21,0,1,0,0,71338.38628,61449.80534346997
45394.0,4,60,24,0,0,0,1,65139.48509,63477.38308913135
55176.0,4,35,57,0,0,0,1,69100.4586,76531.21742363248
56245.0,2,45,56,0,0,0,0,86927.8587,80857.16601360512
59043.0,2,49,27,1,0,0,0,69219.32578,69104.82964367313
48766.0,4,37,51,0,0,0,0,73707.10083,76156.13401360234
58626.0,4,61,19,0,0,0,0,76788.27179,72235.08549433447
52001.0,2,49,39,0,0,1,0,85600.10098,93883.94799008674
59352.0,4,43,58,0,0,0,0,85744.03699,82727.36955207033
64052.0,3,52,20,1,0,0,0,91330.56848,69514.27701660086
57344.0,4,38,45,0,1,0,0,68928.9646,73812.87236555025
54246.0,1,64,35,0,0,0,1,71387.97675,70395.74696657539
51942.0,3,44,31,0,0,0,0,66988.10173,72415.05576096414
56726.0,2,58,50,0,0,0,1,92894.4363,75392.6805588803
67851.0,3,37,32,1,0,0,1,67278.34894,70311.37515674508
62959.0,3,49,51,0,0,0,1,79975.83009,78470.23135335001
60621.0,1,56,38,1,0,0,1,61501.13505,68588.68812562464
53839.0,4,67,42,1,0,1,0,100719.013,89874.96735967415
59229.0,3,85,18,1,0,0,1,61871.80276,62617.25691639015
54598.0,4,42,19,0,1,0,1,74819.08563,61745.15414579772
51247.0,4,73,51,0,0,0,1,71395.14661,73064.47456142094
69245.0,1,46,46,0,0,0,0,76576.49521,84163.85949879198
45520.0,2,75,18,0,0,0,0,59940.20361,66064.51434601854
65606.0,1,35,57,1,0,1,0,101280.1744,99276.97264279374
59206.0,2,63,62,0,0,0,1,73927.15251,79601.65751947595
50418.0,4,84,59,1,0,0,0,82172.24002,73310.02436796957
62251.0,2,56,37,1,0,0,0,80040.48582,73117.38042975497
67078.0,3,62,64,1,0,0,0,81452.03864,82237.66260735018
56981.0,1,35,38,0,0,0,0,68630.85523,76594.1717737078
64976.0,2,68,33,0,0,0,1,79118.63765,74679.80965347057
59392.0,2,80,46,0,0,0,1,77197.2901,75480.51354098393
52617.0,1,75,46,1,0,0,1,70505.64781,66976.2668749539
51484.0,3,51,53,1,0,0,0,87095.67469,72387.3477389228
62724.0,1,81,34,0,0,0,1,61484.31068,73903.32308646353
57844.0,2,42,20,1,0,0,1,65493.39464,62695.77414151085
58479.0,1,62,63,1,0,0,1,74974.14021,74072.97749752726
73856.0,1,75,54,1,0,1,1,121362.7297,97999.12277588523
60126.0,1,44,54,0,1,0,0,66575.28527,77464.87977732866
49947.0,2,56,49,0,1,1,0,85975.89771,90860.48402158465
63402.0,1,44,28,0,0,0,0,67244.49918,76871.5738298247
66956.0,4,59,54,0,0,0,1,69163.01898,80986.50638369514
50975.0,2,65,25,0,0,0,1,63470.5955,66296.48577189216
70528.0,2,46,43,1,0,1,1,103308.5956,93724.75078026138
58773.0,3,39,63,0,0,0,0,78733.50424,83804.25094231455
52160.0,3,40,32,1,0,0,1,59944.46767,63214.46984238688
46289.0,4,85,62,0,0,0,0,80727.84432,77710.57177943405
60421.0,1,65,52,0,1,0,1,69957.72417,72922.94172246812
65688.0,1,48,25,0,0,0,1,86779.89976,73031.90714710223
44223.0,1,73,28,0,0,0,0,60276.98929,68104.55034792935
57888.0,1,79,46,0,0,0,0,69644.5852,78914.58828217039
61457.0,2,37,34,1,0,0,0,62905.32533,72051.388281872
55713.0,1,53,35,0,1,1,1,91461.53187,85798.62215395703
56519.0,1,64,19,0,1,0,0,68107.12216,66700.01368762914
46264.0,3,52,46,0,1,0,1,59944.18964,64965.49174359275
61984.0,1,55,54,0,0,0,1,73132.19288,78842.91821807146
53585.0,4,83,27,0,0,0,0,66902.3543,71949.77770705576
69993.0,2,66,50,1,0,0,0,77519.71685,79943.31945685619
55083.0,4,78,18,1,0,0,1,64807.83445,60741.47696732779
54624.0,3,40,19,0,1,0,1,64539.45873,61793.241477338175
69272.0,1,52,38,0,1,0,1,74082.96775,73342.304396748
54790.0,3,37,41,0,1,0,0,74176.38334,71656.43442565281
55440.0,1,48,49,0,0,0,1,64550.68504,74618.55586489686
64558.0,3,47,48,0,1,1,0,99734.64307,97203.60101375892
50385.0,4,67,31,0,0,0,1,70422.32231,67518.30255103139
61828.0,3,42,18,1,0,0,1,68584.06316,63947.998801625836
71543.0,4,82,30,1,0,0,1,61366.78401,71267.37863810541
60757.0,3,48,62,0,0,0,1,85245.00554,80327.82263437487
64225.0,4,43,57,0,0,0,1,80470.63829,80588.46507419378
55470.0,3,36,58,0,1,0,1,68557.78342,72288.5837436256
47049.0,4,65,22,1,0,0,0,57010.86344,62277.1980124698
59101.0,3,56,31,0,0,1,1,113843.1602,90883.54929819428
55453.0,3,67,52,0,0,0,0,71105.70562,79354.34865442957
44848.0,3,41,25,0,0,0,1,65897.66984,63588.18981149953
48183.0,4,35,59,0,0,0,0,73716.84789,77971.68504749244
52782.0,1,56,19,0,1,0,0,62989.37647,65041.62889476104
69431.0,1,49,39,1,0,0,0,66323.21745,76932.30827582137
51589.0,4,41,32,1,0,0,1,78048.35037,62923.916594523515
48860.0,4,67,19,0,0,0,0,65236.1768,67802.91257870101
50087.0,1,82,33,1,0,0,1,59009.51993,62441.941354139046
49047.0,3,40,21,0,0,0,0,74563.83496,68532.89656837843
56231.0,1,74,34,0,1,1,1,92698.55904,85696.90731244077
61046.0,4,60,61,0,0,0,1,77981.87734,80126.522955516
57851.0,1,79,38,1,0,0,1,61211.79394,67253.77091095463
57087.0,4,57,58,0,0,0,1,78324.59145,77572.80078060609
48844.0,2,78,47,0,1,0,0,70576.10938,70404.19999990225
51214.0,2,54,20,1,0,0,0,59565.94106,63738.460537691855
49750.0,4,70,21,0,0,1,1,65081.36147,83991.12108469772
68145.0,3,84,41,1,0,0,0,64093.95909,76683.52593298756
55675.0,1,46,46,0,0,0,1,76864.51707,73955.16304149857
53388.0,2,61,42,1,0,0,1,70286.84607,66310.77440362723
57584.0,4,44,34,0,0,0,1,73572.3157,71630.14779018256
56087.0,3,85,43,0,0,0,0,74611.23052,77244.45054919168
65165.0,1,79,52,0,1,0,1,100742.2946,75014.16669569843
61095.0,1,54,18,1,0,0,1,53472.60323,63631.23515479382
55522.0,3,38,51,0,1,0,0,79954.36082,74572.7546816075
54823.0,2,64,56,0,0,0,1,78933.39336,76065.0284995501
62830.0,4,51,64,1,0,0,1,83153.12947,76249.85227914844
54550.0,1,53,19,0,1,1,1,73581.56952,81130.36904027594
54662.0,3,74,51,1,0,0,1,70751.48121,69140.04804981124
49239.0,4,45,27,0,0,0,1,63459.16376,66045.36603457258
53652.0,2,68,59,0,1,1,1,82182.85909,90998.63753514204
50659.0,3,63,28,0,0,0,0,77372.87862,70989.44506734292
59169.0,4,51,30,0,0,1,0,95875.83336,94725.1148639889
56043.0,1,44,47,1,0,0,1,62426.38546,68895.58868373244
59528.0,2,35,38,0,0,0,1,65621.20561,73634.76105181906
54324.0,2,74,18,0,0,0,1,65404.56556,65963.41557094715
40574.0,2,66,34,0,0,0,1,62314.98723,63926.278752908605
60511.0,4,56,20,1,0,0,1,55486.61397,63790.95772592854
61626.0,3,42,47,1,0,1,1,102099.9052,90725.99927210616
56704.0,4,73,56,0,0,0,1,77326.30491,76823.5216365903
55507.0,3,68,49,0,0,1,0,81770.12552,97958.2040776359
63071.0,2,60,19,1,0,1,1,95369.3452,84091.51222162423
60356.0,4,51,55,0,0,0,1,77809.72221,78294.15102008116
55650.0,4,75,30,0,0,0,0,62505.95339,73688.35834522243
55291.0,3,56,37,0,0,1,0,102592.8927,94797.20051300524
50234.0,3,42,49,0,0,0,1,75835.33824,72231.39361348846
57309.0,2,44,18,0,0,1,0,108840.1318,90861.51277040842
49801.0,1,40,59,0,1,0,0,78467.44476,74111.49304595204
53160.0,1,46,29,0,1,0,1,62498.77508,63757.68378087794
51698.0,1,67,36,0,0,0,0,82885.09416,73573.64847275206
69671.0,3,36,33,1,0,0,0,67675.98977,75476.44499916909
62309.0,4,61,58,0,0,0,0,87098.07493,83996.98813101603
62634.0,1,56,44,0,1,1,1,99438.63138,91243.60711560049
64138.0,4,35,53,0,0,0,0,72864.745,83623.21003918181
51339.0,3,75,24,0,0,0,0,72905.04707,70216.93758709275
56337.0,3,78,29,1,0,0,1,69201.42475,64185.16304828189
47655.0,2,80,40,0,0,0,0,76955.42031,72707.0980859499
63372.0,3,43,51,0,0,0,0,82767.25436,82759.23075509815
63512.0,3,43,64,0,0,0,0,85418.2534,86188.68214198315
47893.0,1,53,19,0,1,0,1,66799.88813,58764.16971108234
63895.0,1,80,35,0,0,0,1,83672.86359,74694.73167194315
52623.0,1,47,39,0,0,1,0,80856.10878,94201.18484406416
58616.0,4,38,56,1,0,0,0,70153.22499,76403.37148677268
65363.0,3,79,33,0,0,0,0,73418.48089,78865.93639818262
53149.0,1,71,42,0,1,1,0,84130.43479,90468.15669550368
56350.0,4,37,61,0,0,0,0,83817.75114,82170.42294629826
57901.0,4,82,23,0,1,0,1,70462.30151,64126.434714441195
56632.0,2,46,43,1,0,0,0,85006.87988,72170.04587414846
53453.0,1,39,48,0,0,0,0,73023.46145,77575.74810956091
53821.0,2,63,39,0,1,0,0,74467.29897,70635.03933980878
45986.0,4,55,40,0,0,0,1,73401.83395,67906.03828450196
54357.0,3,54,18,0,0,0,0,77579.30615,70102.90134359174
61409.0,3,77,58,0,0,0,1,78989.15858,79480.58051012634
66330.0,4,44,49,1,0,0,1,68736.40914,73971.88519045713
64649.0,3,47,53,1,0,0,1,79999.26288,74266.6037929566
52136.0,4,77,48,1,0,0,1,63749.72988,67182.50354140911
60103.0,3,74,45,1,0,0,1,74810.6588,70043.52257354383
62521.0,1,70,59,1,0,0,1,77733.27284,74833.33563612244
49103.0,1,80,52,1,0,1,1,81128.87705,86284.69426577515
71328.0,1,65,26,0,0,0,1,77695.8346,75775.74316710589
58953.0,4,46,27,0,1,0,0,64535.00031,69849.33536303151
59927.0,2,51,48,0,0,0,1,87640.58489,76345.91546051385
49840.0,3,37,57,0,0,0,1,69511.74556,74143.25281942499
67431.0,3,46,37,1,0,0,0,66775.80465,75464.11534150837
45910.0,3,44,57,1,0,0,1,82368.083,66850.91922943771
51683.0,3,55,32,0,0,0,1,62070.14711,68436.28057235244
54298.0,4,44,18,1,0,0,0,69619.85347,64591.733706176456
49209.0,3,59,64,1,0,1,1,78320.20744,89458.46790035727
62631.0,2,68,43,1,0,1,0,105727.8701,94158.7450943542
55394.0,1,61,49,0,0,0,0,79057.80737,78630.87926128806
57876.0,2,39,40,0,1,1,1,99227.71424,88092.21313629579
60476.0,1,85,62,0,0,1,0,113212.0748,103564.39118982972
53787.0,2,42,40,1,0,0,1,66886.62887,66042.4735356768
59116.0,1,81,30,1,0,0,0,63751.9964,69826.7837082378
53671.0,2,65,29,0,0,0,1,68221.29245,68549.74349467739
55289.0,2,75,36,1,0,0,0,60479.66507,69645.0534730892
52987.0,1,52,41,1,0,0,1,68586.39869,65932.65729984014
71473.0,4,84,44,1,0,1,1,92655.27607,94213.57506693312
45893.0,3,70,45,0,1,0,0,66715.59976,68553.84494642194
63091.0,3,68,55,1,0,0,1,77143.38865,74004.20348019591
56830.0,1,84,60,0,1,1,0,108471.6771,96743.92205053582
64221.0,1,55,56,0,0,0,0,91904.16503,84451.59069443677
50761.0,2,62,49,0,1,0,1,72795.43906,67765.6457518728
44663.0,1,61,21,0,0,0,1,67584.07114,62453.91780763392
47451.0,1,44,19,0,0,0,0,64086.37432,67337.74558226703
60917.0,3,69,39,0,0,1,0,101886.2783,97808.2642908229
47576.0,4,68,53,0,1,0,0,66654.11484,71363.66487800801
40632.0,2,61,33,0,0,0,1,71017.54121,63711.792289363846
53942.0,1,44,53,0,0,0,0,79333.45634,79073.01859837907
50105.0,4,74,42,0,0,0,0,76594.04464,74295.21433944479
63562.0,3,41,40,1,0,0,0,79720.01899,74511.98511232599
49275.0,3,38,47,0,0,0,1,84809.16556,71295.04391086556
52857.0,2,49,27,1,0,1,0,87581.32668,85671.21803887692
52889.0,2,80,21,0,0,0,0,61991.1221,70150.86448118124
63893.0,3,73,47,0,0,0,0,79299.73641,81849.17757205945
58001.0,1,82,20,0,1,0,0,63021.17734,67562.47299975934
48539.0,2,59,24,0,1,0,0,62387.27852,64380.22406849918
62261.0,4,39,27,0,0,0,1,59214.24588,71947.92627412343
66242.0,2,81,26,0,1,0,1,62441.31968,68731.72992852608
61262.0,2,82,53,0,0,0,1,91266.26922,78130.27253052272
61930.0,1,76,41,1,0,1,0,96932.91896,93324.11936556987
58204.0,2,82,56,0,1,0,0,69392.13344,76946.96831997535
66907.0,3,64,23,1,0,0,1,70599.91483,67455.99185217367
60810.0,4,57,21,1,0,0,1,62927.78657,64181.272367172576
71549.0,4,47,50,0,0,0,1,83116.20711,82068.73945325782
63687.0,3,65,53,1,0,0,0,79063.477,77847.00608104121
55575.0,2,76,34,0,1,0,1,66913.21723,66004.37261769258
51340.0,3,53,47,0,1,0,1,62978.3587,67513.06690275855
55989.0,1,61,33,0,0,0,1,73229.9984,70675.94962305482
61656.0,3,51,51,1,0,1,1,92299.77217,91742.43843916288
53303.0,2,57,49,0,1,0,0,71335.90975,73012.43463293067
52308.0,4,46,31,0,0,0,1,75515.44757,68463.41565042708
50961.0,2,74,36,0,0,0,1,67015.8003,69105.63933327801
64693.0,4,64,18,1,0,0,0,57202.88903,69212.9974876167
53444.0,3,49,50,1,0,0,1,73486.99443,68422.37581674347
50977.0,2,39,43,0,1,0,1,69543.95176,66393.5501884574
64679.0,3,84,20,0,0,0,0,71605.71515,75172.5565579349
46192.0,1,45,24,0,0,0,1,61873.12367,63979.66335313502
51157.0,1,74,60,0,0,0,0,86136.48185,79518.34549440199
50975.0,1,84,49,0,1,0,1,71254.94478,67810.9760764091
44522.0,4,75,60,0,1,0,0,73051.32185,71771.51738016747
66466.0,4,82,51,0,1,0,1,67802.32744,75244.66808978035
57809.0,4,73,58,0,1,0,1,75308.27857,73180.68180566595
64865.0,3,37,51,0,0,0,1,68233.58064,79374.79617375464
64419.0,3,54,53,0,0,0,0,76205.05217,83709.75417043346
61665.0,4,85,62,0,0,0,0,77770.16699,84654.26818378095
58401.0,4,48,19,0,0,0,0,65546.96272,72180.95764911248
56452.0,3,58,50,0,0,0,1,79834.41727,75239.90283410999
59079.0,4,83,30,1,0,1,1,89784.94559,84995.01282951901
57178.0,1,49,41,0,1,0,0,62471.08762,72749.09302634725
43154.0,1,41,29,0,0,1,1,73960.6989,83276.97964077632
66113.0,4,78,18,0,0,0,1,62118.85089,71214.55549708786
61367.0,4,53,41,1,0,0,1,68783.96498,69626.23201456491
50269.0,3,59,35,1,0,1,0,74956.5172,86508.45533032107
49579.0,3,68,53,0,0,0,0,75501.92009,76956.97872855385
59535.0,1,74,24,0,0,0,1,66900.02089,69899.35257039226
50357.0,2,42,48,0,0,0,1,67920.59917,72057.04012943247
59413.0,1,66,59,0,0,0,1,84043.42552,78936.39951183046
62127.0,4,65,49,0,1,0,1,68574.131,72829.41412702166
64762.0,1,63,37,1,0,1,1,89205.84491,89534.17194102338
49361.0,3,82,26,0,0,0,0,77401.55545,69816.0011182451
61256.0,2,65,23,0,0,1,0,107835.8358,93861.95472062244
63258.0,2,57,29,0,0,1,0,110711.6485,96348.90691550709
52271.0,3,77,45,0,0,0,0,76233.8337,76068.2711806062
59081.0,3,62,27,1,0,1,0,65293.58007,88405.41204229351
63947.0,4,50,53,0,0,1,0,104204.57,102842.1140938054
47765.0,3,64,31,1,0,0,1,67385.20919,60883.12074830035
56001.0,3,46,50,0,1,0,0,65581.33446,74500.9083223412
53097.0,4,75,50,0,1,0,1,59911.01633,68973.94499777631
55213.0,2,55,34,0,0,0,0,82878.0879,74657.90420194989
46248.0,4,38,19,0,1,0,0,57703.78302,62069.537989971184
64931.0,4,70,47,0,0,0,1,73093.08809,78219.26983916687
52432.0,2,57,28,0,1,0,0,64475.06794,67181.34351201667
46681.0,1,64,37,1,0,1,1,69477.90333,81365.2636880327
53992.0,3,72,21,0,1,0,0,63291.76938,65989.41782104941
61431.0,4,45,64,0,1,0,0,82384.8917,80552.83931501202
43343.0,4,80,58,1,0,0,1,70164.11951,65790.09425304926
55168.0,3,82,24,0,0,0,0,78091.05473,71920.52130557141
57128.0,4,77,31,0,0,0,0,79414.17701,74607.44896524747
49004.0,2,73,39,0,0,0,1,75738.92081,69002.34580292233
55294.0,3,68,47,1,0,1,1,74594.62195,87771.55016193356
60466.0,2,84,30,0,0,0,0,64052.01499,75888.4421997357
68023.0,3,54,18,1,0,1,0,92851.94008,90142.31112832794
56831.0,2,47,22,0,0,0,1,59150.61522,68229.93577267721
60909.0,3,67,23,0,0,0,0,68466.4949,74308.9623118357
54744.0,4,62,33,0,0,1,0,85461.75225,93463.46115817894
54660.0,3,43,27,0,0,0,0,75374.59854,72610.3757530672
55085.0,1,59,45,0,0,0,1,69720.35203,73382.30182068264
54021.0,3,60,57,0,1,0,1,74557.87817,71287.62809433654
57988.0,3,67,47,0,0,0,0,80463.19736,79204.43410160288
53563.0,2,82,42,0,0,0,1,71950.14939,71805.10974270476
65041.0,3,35,64,0,0,0,1,79054.08904,82827.80962440999
49106.0,4,64,38,0,1,0,1,63268.58701,64104.52490495902
60296.0,2,56,61,0,0,0,0,96256.60097,83941.0972026285
52516.0,2,55,53,0,0,0,1,68076.23443,74279.25235259994
62913.0,4,55,44,0,0,0,1,81307.62639,76585.91824520737
56259.0,2,37,19,0,1,1,1,76235.42289,81931.53822924322
58635.0,2,76,41,0,1,0,0,64401.60629,73279.409472964
58393.0,2,54,51,1,0,0,0,81726.79964,75007.60772111797
56343.0,3,58,40,0,1,0,0,75930.73037,72022.11850313362
69103.0,3,61,45,0,0,0,0,81819.7752,83727.92490418685
56302.0,2,78,35,1,0,0,0,62792.65116,69832.61963560108
58682.0,4,56,53,0,1,0,0,73479.73895,76422.88675616446
44755.0,4,79,30,0,0,1,0,73291.90393,88113.58513714696
68087.0,2,48,18,1,0,0,0,66140.38368,70862.2247466383
61111.0,3,67,51,1,0,0,0,71038.65229,76158.51611100436
53210.0,1,40,50,0,0,1,1,92436.86118,93259.6062770984
56411.0,2,56,31,1,0,0,1,62441.05853,64845.85523588912
49618.0,3,79,35,0,0,0,1,73044.66442,68192.90610505795
59442.0,2,72,60,0,0,0,0,74787.18436,83238.05832288231
61362.0,2,51,21,0,1,0,0,62090.11311,69423.40005388387
42655.0,2,70,29,0,0,0,0,71426.62526,67637.30878312237
51003.0,4,74,62,1,0,0,1,76961.05501,70306.9745445849
62984.0,1,38,39,1,0,0,1,72415.05498,69980.48579153992
55600.0,4,58,19,0,0,0,0,73330.77719,70879.52166196003
52226.0,2,61,22,0,0,0,1,64833.38758,66099.21630754646
46979.0,1,66,53,1,0,1,0,75738.71621,89716.16130669686
59752.0,3,46,39,0,1,0,1,71427.16066,69265.9099016809
49839.0,1,81,27,0,1,1,0,78089.71986,85052.75016219742
68797.0,2,79,30,1,0,0,0,71340.34136,74176.9205859161
50705.0,3,52,30,0,0,0,1,62955.46012,67487.69824468592
55987.0,4,50,58,0,0,0,1,69343.8868,77101.61479154097
51256.0,4,75,33,0,0,1,0,73503.97591,91840.82360607132
51639.0,1,69,42,1,0,0,1,60460.06827,65520.76032858624
59523.0,2,55,64,1,0,0,1,73467.45779,74799.90668272719
46380.0,1,62,21,0,0,0,0,70752.07564,67306.22820277124
71123.0,4,57,18,1,0,1,1,100497.3148,87421.67435796365
48611.0,4,61,23,1,0,0,0,70232.89652,63256.136588003006
57328.0,4,65,45,0,1,0,1,60284.57756,69626.4559920134
63521.0,4,82,40,0,1,0,1,82780.39423,71066.37917723978
57604.0,3,82,19,0,1,0,1,65275.61621,62985.590178135244
59305.0,4,78,18,1,0,0,0,74275.10208,66728.68057941861
47312.0,4,75,25,0,0,0,0,71026.40204,68628.27138055493
54513.0,3,82,46,0,0,0,1,80991.20908,73240.8446114794
63523.0,3,45,33,0,1,0,1,58048.11778,69418.8762058329
48852.0,1,76,54,1,0,0,0,68903.4818,71424.46871066242
44096.0,3,60,28,0,0,0,0,79412.81721,68036.5962335263
58892.0,2,79,36,1,0,0,0,65165.85851,71257.534202857
54118.0,2,50,20,1,0,0,1,56178.1129,60983.919192857036
44960.0,4,42,24,0,1,0,1,61624.90053,58687.40249414496
58422.0,2,54,23,0,0,0,0,75585.98077,73262.37194155155
49329.0,4,46,47,0,0,1,1,85420.68721,90621.11357518638
59455.0,4,43,33,0,1,1,1,112797.0333,86920.00242134795
62637.0,2,65,45,0,0,0,0,69816.62683,80822.35532086334
45637.0,4,37,26,0,1,0,0,70626.09044,63609.851418491475
59481.0,4,77,18,1,0,0,1,64189.89264,62731.236033229565
57100.0,2,54,44,1,0,0,1,65875.30685,68530.53597682997
49702.0,2,85,60,0,1,0,0,76284.19207,74132.32878932398
54415.0,3,75,64,0,0,0,1,73791.07794,77883.08652138499
52110.0,1,67,56,1,0,1,0,98530.38668,92806.45537337777
49570.0,4,72,36,0,0,1,0,83977.23773,91867.216531722
60301.0,3,66,41,0,0,1,0,100861.512,98058.92125411631
43612.0,3,48,39,0,1,0,0,71010.86265,66050.46891132064
59933.0,3,77,63,0,0,0,0,80641.20186,84189.30951486246
53563.0,3,69,36,0,1,0,1,55882.25585,65610.17375256555
50705.0,3,74,28,0,1,0,1,55436.85339,62229.73359534544
56493.0,1,73,58,0,1,0,0,74613.2965,76754.08610431751
61040.0,3,54,36,0,1,0,0,78423.93882,73122.09842091092
58049.0,2,51,42,1,0,0,0,65084.427,72532.75096260858
54506.0,2,65,36,0,0,0,0,68699.57806,74819.9855723947
55502.0,1,47,56,0,0,0,1,81558.03427,76462.79148905487
43496.0,1,57,35,0,0,0,1,59786.34018,65566.6869984554
55109.0,2,68,59,0,1,0,1,62624.1602,72296.66509362214
52417.0,3,73,21,0,0,0,0,72336.44686,69934.23779626889
48990.0,4,83,59,0,0,0,0,79310.36643,78160.80768477662
62458.0,2,66,23,1,0,1,1,84342.95363,84828.53405289589
50520.0,1,80,57,1,0,1,1,77117.50201,88219.30498080133
59420.0,2,46,53,0,0,0,0,76789.76378,81510.50001095448
62279.0,1,84,60,1,0,1,1,105013.7226,94291.8014365982
63285.0,2,62,51,0,0,0,1,86109.92692,78599.01130693022
71756.0,4,67,23,1,0,0,0,72141.43493,73686.34611015968
44682.0,4,44,27,0,0,0,1,62625.75215,63991.10836654313
57576.0,2,43,55,0,1,0,0,79029.74739,76546.86902085644
58364.0,2,74,37,0,0,1,1,94112.48165,92067.66780057641
58625.0,1,63,61,0,1,0,0,85704.68907,78530.22819416647
60754.0,2,65,46,0,0,1,1,110450.4301,95510.31242167362
52462.0,3,57,53,0,0,0,1,74631.45937,74218.52041262285
52402.0,3,65,49,0,0,1,1,74672.78346,92486.38708863429
53334.0,1,77,20,0,0,0,1,72656.07964,66052.30376213617
62455.0,4,60,48,1,0,1,1,102188.4848,91264.52705241302
52388.0,2,40,25,0,1,1,0,81777.60364,85806.68519628953
52322.0,1,49,25,1,0,0,1,76563.40508,61500.25464416692
52235.0,3,36,57,0,0,0,0,87812.20188,79309.04808605835
75785.0,4,63,37,0,0,1,1,110338.2525,99916.96572061037
49974.0,2,77,38,0,0,0,1,60572.12319,69166.84110458776
56950.0,4,44,55,0,1,0,1,64365.88028,72121.8596528141
45321.0,1,65,36,0,0,0,1,64269.18343,66620.56631426481
47794.0,2,50,51,0,0,0,0,70541.86814,75727.78724686742
53920.0,2,60,40,0,0,0,0,73208.37852,75609.37632430802
62728.0,4,71,18,1,0,0,0,65436.75123,68300.05044602863
65633.0,3,56,57,0,0,0,0,73353.22037,85286.44612232779
47254.0,4,83,61,0,0,0,0,83867.15982,77894.72324550548
44699.0,3,75,25,0,0,0,1,57799.65761,63396.72235976686
59813.0,1,79,50,0,0,0,0,82305.51167,80819.66767978968
54051.0,2,40,26,1,0,0,1,65478.9461,62543.829852972056
47027.0,3,71,42,1,0,0,0,74077.18974,67453.20287014307
50329.0,4,64,43,0,0,0,0,70299.69718,74691.83539916843
42581.0,4,62,44,0,0,0,0,75358.79086,71459.13695945413
55895.0,4,40,23,0,1,0,1,61970.76042,63373.937749975674
49123.0,4,53,49,0,0,0,1,93648.46705,71660.45650973098
62570.0,3,61,33,1,0,0,0,76271.87233,72178.37310518051
58546.0,4,56,41,0,0,0,0,79412.08852,77913.91393862668
56740.0,1,49,37,0,0,0,1,76894.94372,72094.6869130488
54979.0,4,72,22,0,0,0,0,65489.22959,71324.77126579962
47472.0,2,77,23,0,1,0,0,60817.97198,63573.69113593677
44468.0,2,85,21,0,0,0,1,69857.81342,62249.15942158828
64930.0,1,66,51,0,0,1,1,114939.6454,98716.25750518848
54374.0,3,46,25,0,1,0,0,70244.24818,67292.65020603745
56541.0,2,55,32,1,0,1,0,83707.39455,88607.6763139139
57679.0,4,70,57,0,0,1,0,87477.22954,100974.24364357248
54712.0,1,49,36,0,1,0,1,64010.15861,66260.18379099618
63180.0,2,63,22,0,0,0,0,82469.16306,75119.24035226523
60270.0,4,69,57,0,1,0,0,70126.62967,78128.2986439561
47495.0,4,38,64,0,1,1,1,80020.80607,89564.36992034016
55139.0,3,45,36,1,0,0,1,72854.07146,65577.26665384861
51735.0,3,61,54,0,0,0,0,66678.1633,78215.12070530624
61650.0,3,51,47,1,0,1,0,106083.0821,94784.54360972112
58586.0,3,39,62,0,0,0,0,75871.39129,83460.86237978403
66002.0,1,83,61,0,0,0,1,74820.02149,82367.73808110453
47266.0,1,61,43,0,0,1,1,84114.73752,88686.05259426912
47405.0,2,55,19,0,1,0,0,68346.91929,62588.023637446895
64420.0,3,65,18,1,0,0,1,58213.88613,65034.52410257159
43863.0,2,72,19,0,1,0,1,61926.90648,56845.813337541236
43788.0,4,85,49,0,0,0,0,67487.61102,73214.90894544555
63425.0,4,38,60,1,0,1,0,101535.3809,98970.78922674888
54728.0,3,37,26,0,0,0,0,63450.60184,72404.05757614001
57972.0,3,41,49,1,0,0,0,72940.89005,74318.04513368459
63978.0,3,46,60,0,0,0,1,82356.5589,81271.82762401225
57607.0,4,65,26,0,0,0,1,67500.35037,69492.30984193193
60357.0,3,36,27,0,0,0,0,72642.88708,75208.66846199546
57009.0,3,51,44,1,0,0,1,70973.39461,68471.35686515537
65649.0,3,42,63,0,0,0,0,84786.23952,86898.44843472645
47419.0,2,50,32,0,0,1,1,77614.87765,85917.93399261944
55922.0,2,77,22,0,1,0,0,71337.37182,67130.71268294996
61427.0,2,41,18,0,0,1,0,87870.74566,92732.13046200991
55640.0,3,42,59,0,1,0,1,70233.93182,72602.38109226422
55241.0,4,79,44,0,0,0,1,76125.83299,73033.63901277614
48676.0,1,58,33,0,1,0,0,61726.27033,66805.25166269596
58164.0,4,53,24,1,0,0,1,64801.96155,63777.78821574307
56740.0,4,77,43,0,1,1,1,78680.20728,88159.1533440307
45505.0,3,57,45,0,0,1,0,99918.30146,92445.78264456909
48360.0,3,41,61,0,0,0,1,74265.40047,74496.04809238548
55929.0,1,80,35,1,0,0,1,59047.33526,65605.3345796778
53493.0,4,53,62,0,0,0,1,80458.57753,77000.14695686492
61004.0,1,35,62,0,0,0,1,80531.42208,80544.92915865115
56939.0,3,75,38,0,0,0,0,75515.74414,76371.02826102189
57954.0,1,71,34,0,1,0,0,68438.24916,71206.59301327754
49897.0,4,51,43,0,0,0,0,70647.32581,74544.22777014703
58645.0,3,41,50,0,0,0,0,98335.3946,80372.91396326487
50229.0,2,41,19,0,0,0,1,67718.49797,64493.609945079676
45588.0,2,81,57,0,0,0,1,66422.09072,72091.41628759092
66693.0,1,76,62,1,0,0,1,66501.13855,77472.29008868337
62665.0,4,37,41,1,0,0,0,78535.72989,74351.41491187285
69083.0,2,83,26,1,0,0,0,76813.49871,73255.70424150044
54377.0,3,62,39,0,0,0,1,68986.80048,71439.89054928988
55776.0,3,82,46,0,0,0,0,81036.78106,77891.78406771287
64803.0,4,41,45,0,0,0,1,77615.87127,77749.50292704301
63553.0,2,44,32,1,0,0,0,74583.84966,72454.47977295432
50259.0,3,51,59,0,0,0,1,64959.87943,74799.21866615376
54908.0,4,73,44,0,0,0,0,94707.73958,76985.7499183196
45698.0,1,78,39,0,1,0,1,67432.99787,62860.42669045853
49782.0,4,52,18,1,0,0,0,68119.11482,62523.12016234613
57965.0,2,55,53,1,0,0,0,63691.21824,75328.55477806805
47177.0,4,82,18,1,0,0,0,59812.40814,61237.14933358929
72319.0,1,51,50,1,0,0,1,63538.42769,76996.97437115462
67969.0,2,40,18,0,0,0,1,77435.2049,72249.58428913832
45487.0,3,37,19,0,1,0,0,68015.5882,61758.569150777446
64010.0,1,46,62,1,0,0,0,78249.35236,80450.81359265932
59227.0,2,47,56,0,0,0,1,76488.50811,78115.93480493125
56738.0,3,49,42,0,0,0,0,68689.90346,77410.98183463282
62898.0,3,60,37,0,0,1,0,112310.4998,98217.86024921198
59175.0,2,82,42,0,1,0,0,71663.53383,73760.29629022958
57608.0,2,49,25,0,0,1,0,78713.90676,92790.86184292112
42804.0,2,37,57,0,0,0,0,74893.90633,75075.46185302592
65482.0,3,39,51,1,0,1,0,106633.6389,97594.63942090349
57042.0,4,42,30,0,1,0,1,60644.12275,65697.1948859542
56350.0,2,74,44,0,0,1,0,104154.8081,97051.32096986602
50451.0,1,56,34,0,1,1,0,74128.75848,87233.01854429662
62759.0,3,37,31,1,0,0,0,69951.40711,71833.49944912051
59683.0,1,81,54,1,0,1,0,97523.10098,95657.35610806647
47381.0,1,48,24,0,1,0,0,73987.04281,63926.4962957307
63504.0,4,84,43,0,0,1,0,105528.8675,99928.47183448666
57127.0,4,61,48,0,1,0,0,99276.60734,74407.6944101068
64290.0,1,66,19,0,1,0,1,60547.58361,66121.46211477846
54212.0,4,38,29,0,0,0,1,68571.4046,68834.58658058237
59576.0,1,62,63,1,0,0,1,69043.09488,74568.3751923483
48175.0,3,49,46,0,0,0,0,77795.84273,74579.75218641506
63797.0,2,37,52,0,1,0,0,86647.26071,78601.32226407969
48682.0,1,85,35,0,0,0,0,63554.03349,71886.9604743681
46558.0,3,80,51,0,1,1,0,80430.96798,89731.21837124588
48690.0,2,72,44,0,1,0,0,72842.01137,69579.74685799859
54340.0,2,53,21,0,0,0,0,65228.80405,70904.73973998618
63711.0,1,73,39,1,0,0,1,65032.6165,70180.96159157754
49427.0,3,40,50,1,0,0,1,67402.37767,66641.19729454206
44122.0,4,85,34,0,0,0,1,69206.59485,65401.054134756676
45932.0,1,84,22,0,1,0,1,55399.37524,58542.1944470355
69670.0,2,62,19,0,0,0,1,64748.93155,73196.33308283717
65207.0,4,61,26,1,0,0,0,67929.1779,71527.5985713609
45354.0,3,72,29,0,0,1,0,74793.10822,88179.75648174506
67339.0,1,37,48,1,0,0,0,69262.1395,78361.86942583905
54440.0,1,53,26,1,0,0,0,61913.03526,66781.63747264422
63423.0,2,54,45,0,0,0,1,70907.54635,77136.90615165999
55621.0,1,57,36,1,0,0,1,63330.99593,65809.18869453491
46432.0,3,61,54,0,0,0,0,102860.451,75820.32218603909
49513.0,1,84,34,0,0,0,0,69525.32843,72006.94610217401
52918.0,4,61,31,0,0,1,0,82323.33842,92124.62312207966
51609.0,4,72,27,0,0,0,1,69498.18137,67017.02823420998
58698.0,1,42,20,0,0,0,0,75139.44385,72683.05918733483
49215.0,1,35,44,0,0,0,1,66596.5612,70560.16585946648
50665.0,3,42,43,0,1,0,0,66304.01831,70293.23215567635
49942.0,2,57,45,0,1,0,1,92925.37988,66378.29016266586
59353.0,1,75,34,0,0,0,0,69939.63117,76483.493976632
42342.0,2,37,24,0,0,1,1,70469.62541,81601.1510073907
43714.0,4,79,26,0,0,0,1,59175.7323,63167.19312110568
55163.0,4,67,38,0,0,0,1,79945.5406,71488.59915541261
52938.0,2,55,50,0,0,0,1,76461.93485,73693.00273976597
55938.0,3,63,38,1,0,0,0,74774.90275,70470.80577776622
40365.0,3,54,27,0,1,1,1,68402.56208,76734.31046910331
51564.0,4,37,39,0,0,0,1,68158.59071,70231.82667103782
58789.0,3,73,39,0,0,0,1,78067.28975,73392.14365901347
58063.0,2,63,63,1,0,0,1,77986.29728,73852.42118922382
56799.0,2,56,33,0,0,0,1,62165.10741,71030.96065721093
53629.0,4,68,36,0,1,0,1,69648.89684,65614.59005670172
45294.0,4,45,30,0,1,1,0,70944.16746,83821.44236586234
58036.0,2,83,24,0,0,1,0,92011.56736,92601.0230017147
54669.0,2,39,24,0,0,0,0,66673.19365,71881.26878527965
50452.0,3,42,48,0,0,0,0,91483.53124,76151.4775772402
45684.0,3,46,47,0,0,0,0,78841.26507,73724.73133571219
53872.0,4,56,29,0,1,0,0,70996.87823,68036.14825841041
53529.0,1,79,28,0,0,0,0,77430.4014,72285.16215027873
57125.0,2,81,47,0,1,1,0,89234.8691,93492.82955332162
45486.0,1,48,25,0,0,0,0,81681.11174,67989.39945717894
53134.0,2,68,51,0,0,0,0,80317.28653,78073.55232240251
49260.0,4,78,48,0,0,0,1,76586.36751,71372.07525471263
49044.0,2,61,43,1,0,1,0,80955.44962,88048.51533570793
60235.0,4,46,61,1,0,0,1,91425.958,74319.40788243216
60813.0,3,65,48,0,1,0,0,67755.36526,76086.6985713807
54218.0,4,42,38,0,0,0,1,74513.29687,71153.15249650218
50083.0,4,72,59,0,1,0,0,65942.4538,74034.84335751404
44912.0,2,67,19,0,1,0,1,64200.49894,57337.79633592184
57851.0,1,83,26,0,0,0,1,60930.67137,69623.87978006322
57569.0,2,42,54,0,1,0,1,68285.68582,72207.84228477068
58670.0,1,43,21,0,1,0,1,76976.49365,64185.3940138425
60290.0,1,53,51,0,0,0,0,81962.81903,81388.97948913016
54753.0,1,61,22,1,0,1,1,91972.50906,81137.37109964847
65622.0,1,39,47,1,0,1,0,101451.1092,96680.1822941954
46183.0,2,52,18,1,0,0,0,67435.45835,60955.91878378925
72661.0,3,74,47,1,0,0,1,70238.70481,76232.5107411753
58601.0,1,75,21,0,0,0,1,66538.08553,68697.09027966531
53160.0,1,48,19,0,1,1,0,73791.03245,84601.49362230339
44074.0,1,67,23,0,1,0,0,85688.21999,62104.742333204376
57795.0,1,43,54,0,0,0,0,83521.21512,81075.60003482505
42750.0,2,76,37,0,0,0,1,71368.6047,65649.24384106859
52091.0,2,53,46,0,1,1,1,72988.20713,86982.25759559339
56729.0,4,81,55,1,0,1,1,92360.48665,90414.58966472809
49998.0,2,35,30,0,0,0,1,60154.53753,67259.55311657721
45634.0,3,71,18,0,0,1,0,77400.43221,85461.50786024293
59128.0,1,56,61,0,1,0,0,85083.57552,78782.94603809877
47026.0,4,71,54,0,0,0,1,71084.32165,71942.4264753646
60268.0,3,78,22,1,0,1,0,86904.44889,87588.31223134582
57970.0,4,44,45,0,1,1,1,100715.1274,89353.02192881642
55204.0,3,83,22,0,0,0,0,70290.0998,71415.24502044234
48698.0,1,51,19,0,1,0,0,78933.47406,63215.584210811205
48779.0,1,79,35,0,1,1,1,69632.11371,82572.31396239676
51224.0,2,84,18,0,0,0,0,62549.3295,68607.53052652726
58035.0,1,64,20,0,0,1,0,86581.05248,91663.24478593812
46857.0,2,39,28,0,0,0,1,59126.22208,65308.608301949294
57928.0,3,58,55,0,0,0,0,70711.32611,81281.7348425943
48975.0,4,56,43,0,1,1,1,77684.11444,84729.23192435037
46945.0,4,53,43,0,0,0,1,63095.42186,69123.24275922324
73214.0,4,57,22,1,0,1,0,100119.5257,93482.29551699535
48934.0,3,73,25,0,1,0,1,58063.00752,60656.792541060844
59776.0,1,48,49,0,0,1,0,103831.7176,100017.18477043454
65198.0,4,55,44,0,1,0,1,60870.90468,72958.07705745527
55202.0,1,56,64,0,0,0,0,74959.86169,82446.54477853274
54972.0,1,85,49,0,0,0,0,78075.41809,78352.65042762863
56927.0,2,79,47,0,0,1,0,93102.25099,98070.45037282763
46207.0,3,71,27,0,1,0,1,60878.73062,59950.483991830566
54594.0,2,50,55,0,1,0,0,72363.84527,75174.65173712341
55117.0,2,59,48,0,0,0,1,72943.17226,74144.53352809887
53985.0,2,45,45,1,0,0,1,69523.01714,67415.63512545172
61926.0,2,46,24,1,0,0,1,63313.75602,65560.33056177737
56184.0,4,58,32,0,1,0,0,66697.46836,69849.7488563841
56101.0,3,62,24,1,0,0,0,59041.08136,66922.89883102485
52401.0,3,48,57,1,0,0,0,73990.75821,73848.17829792232
61410.0,4,83,59,1,0,1,0,102928.7142,97637.53239408252
48638.0,1,54,36,0,1,0,0,68374.7491,67579.52246850739
47527.0,2,77,29,0,0,0,1,58336.53572,65731.32686875621
45405.0,1,78,42,0,0,0,1,73800.36061,68164.66337554602
62532.0,4,70,48,1,0,0,0,65021.82167,75983.40979900945
71760.0,4,40,39,0,0,0,0,71187.52157,83421.8223311303
46342.0,3,42,63,0,1,0,0,78936.18751,73519.80776969425
53031.0,4,68,54,1,0,0,1,64318.12174,69173.19446492122
61439.0,2,56,37,1,0,1,0,101788.3769,92110.63045847593
55130.0,4,54,63,0,0,0,0,76329.43473,82075.27054122626
60214.0,3,59,21,0,1,0,0,62418.979,68846.71106836284
52854.0,4,52,54,0,0,0,1,76868.8125,74643.70614844645
38765.0,4,72,60,0,0,0,1,80489.54765,69761.80688976635
56405.0,4,71,32,1,0,0,1,60035.10023,64989.21859463364
58805.0,1,36,47,0,0,0,1,74280.30296,75664.11381968166
52168.0,2,40,21,0,0,0,0,70571.95947,69971.36001525953
59767.0,2,37,28,1,0,1,0,98977.14072,89094.49566607192
54644.0,2,40,63,1,0,0,0,74059.05709,76473.00564334837
49891.0,4,75,18,1,0,0,0,66862.45507,62488.339650857364
49405.0,2,76,32,0,1,0,0,62673.13868,66780.7388433574
46596.0,1,49,38,0,1,0,0,61931.25332,67193.51229791537
55954.0,1,67,32,0,0,0,0,75850.12588,74459.86638752016
53647.0,4,64,62,0,1,0,1,74474.81673,72369.78484308967
42415.0,3,65,39,0,0,1,1,77673.62445,85386.91979617994
50550.0,3,78,55,0,0,0,0,79909.3283,77876.8334188799
51700.0,1,37,57,0,1,0,0,81569.9829,74462.14423514987
76815.0,4,75,52,1,0,0,0,82684.16568,83451.01567360446
42916.0,2,66,56,0,0,0,0,77490.52777,74761.1813489141
60526.0,2,51,47,1,0,1,0,89985.16909,94305.99409897652
50140.0,2,42,55,0,0,0,1,77386.51057,73771.62890734951
53962.0,1,58,23,0,0,0,0,79568.27487,71262.69823408131
60155.0,1,64,22,0,1,1,1,90213.45112,84398.19471373234
55621.0,2,51,50,0,0,0,1,71706.60144,74919.23660402291
52670.0,3,76,18,0,0,0,1,65619.69597,65180.13457744801
61692.0,4,53,51,0,0,1,1,110792.783,97214.35587548884
55209.0,1,84,22,1,0,0,0,62356.92605,65979.92703786839
57955.0,2,55,52,0,0,0,1,76674.91804,76476.52689951632
55133.0,3,68,25,1,0,0,1,67971.72243,62642.20586823639
45664.0,3,39,33,0,0,1,1,69528.35702,85395.46334744639
49258.0,3,37,53,0,0,0,0,82986.23269,76925.24033071529
67454.0,2,84,29,1,0,0,0,69643.68875,73293.22855705068
65689.0,3,36,58,1,0,0,0,80505.45849,80151.7170897196
58428.0,3,65,37,0,0,0,0,80805.33279,76821.03338238611
56828.0,4,48,54,1,0,0,1,71673.46034,70960.94078822157
58460.0,2,41,49,0,1,0,1,72681.75045,71319.16093448311
50281.0,3,51,50,0,1,0,1,63263.76831,67818.95638372515
54657.0,1,71,26,0,0,0,0,65020.47391,72305.89678947582
47867.0,4,39,45,1,0,0,0,76955.95025,68697.19721064526
57924.0,1,43,54,0,0,0,1,73395.486,77053.27825515576
58912.0,3,85,38,1,0,1,0,103944.3212,91093.43569365682
52752.0,3,35,48,1,0,1,1,72549.46616,87003.06871114092
49279.0,1,76,28,0,1,0,1,59191.66546,61636.539440037115
52642.0,1,85,23,0,0,0,0,66869.52345,70567.98167903349
60253.0,3,58,55,1,0,0,0,69106.06478,76839.68294395109
57597.0,2,52,41,0,0,0,0,68679.90883,77558.04385009785
56103.0,1,66,25,1,0,1,0,95083.43094,86586.15931120243
65653.0,4,49,33,1,0,1,0,94368.83158,92945.36554711108
49231.0,1,49,30,0,1,0,1,63816.55026,62231.35783812386
58772.0,4,56,23,0,0,1,1,93127.08427,88634.40881450805
65684.0,2,79,46,1,0,0,0,65882.77217,76914.1613540595
63609.0,1,47,53,0,1,1,1,109221.3927,94047.24741748912
56990.0,3,58,27,0,0,0,1,86557.84898,69527.22518965356
67772.0,1,38,23,0,0,1,1,90785.89861,92851.61322922826
49925.0,4,64,63,0,1,0,1,64951.64657,70947.89574923413
58284.0,1,40,55,0,0,0,0,79183.24208,81566.326796307
63979.0,4,42,35,1,0,0,1,67563.06149,69292.32539840229
55342.0,2,63,34,0,0,0,0,80572.8241,74686.94087912577
47766.0,1,82,19,0,0,0,1,67185.00411,63260.630638814095
51176.0,1,58,39,1,0,0,1,59186.88571,64575.026675886336
74256.0,2,40,27,0,0,0,0,83023.18459,81499.7935505323
68071.0,3,85,57,0,0,0,0,88690.86642,86281.51194667381
43991.0,3,63,52,0,1,0,1,65742.89405,65452.48844047036
56932.0,3,60,28,0,1,0,0,76261.60631,69173.51446059367
56426.0,1,70,50,0,1,0,1,67726.87939,70582.68399548976
54155.0,3,70,44,0,0,0,1,78630.02689,72605.12123735006
43851.0,1,65,26,0,1,0,1,54865.59334,58707.586397526735
56122.0,1,54,33,1,0,0,0,64557.83702,69350.14930342721
55131.0,2,42,19,0,1,1,1,93178.18734,81403.87937134496
57751.0,1,48,50,1,0,0,0,78378.46028,74509.69960104498
58653.0,4,66,41,0,0,0,1,80073.56962,73845.13355914103
49004.0,1,69,52,1,0,0,1,89751.35385,66920.21877506853
56930.0,3,74,39,1,0,0,0,66943.4736,71137.55092748656
54247.0,1,49,50,0,0,0,0,85719.27031,78415.67081084108
58582.0,1,68,52,0,1,0,0,71322.54919,76162.0821360866
61709.0,4,39,60,0,0,1,0,117207.244,103684.20900385587
58409.0,4,37,20,0,1,0,1,56691.32591,63743.37808972091
49158.0,1,54,55,0,0,0,0,85505.18596,77393.95466181802
63379.0,3,58,42,0,0,0,0,69885.18232,80377.14080461042
56008.0,2,68,18,0,0,0,1,64849.34264,66745.81257997737
60357.0,3,46,58,0,1,0,1,80065.95826,74458.9959586466
55592.0,4,79,43,1,0,1,1,93020.09307,86801.14525083338
56240.0,3,61,35,0,1,0,1,68760.12372,66589.36683610381
51556.0,4,84,48,0,1,0,1,70431.03374,67727.28746150524
49213.0,1,82,36,0,0,0,1,68388.94755,68316.07685139548
65184.0,4,82,19,1,0,1,0,99052.8382,88987.87165310509
45171.0,3,52,23,0,1,0,1,67097.18329,58516.265657702264
57913.0,2,83,20,0,0,0,1,55293.74847,68069.19350513171
61365.0,4,78,32,0,0,0,1,63147.40595,72695.56016736315
58243.0,1,66,43,0,1,0,1,61544.45604,69605.25369122693
66309.0,1,75,34,1,0,0,0,64938.37271,74132.76999477668
64922.0,2,51,30,1,0,0,0,90181.89018,72529.26303784255
56749.0,1,37,18,0,0,0,1,61767.78598,67222.7073157687
53798.0,2,44,41,0,1,0,1,70241.2169,67131.35142948298
46468.0,1,74,35,0,0,0,1,70966.30117,66846.73182981092
65405.0,4,45,57,1,0,0,0,78163.1067,79702.61159616728
54254.0,2,60,29,0,0,0,1,61216.80966,68831.2840812197
62951.0,3,50,32,0,0,0,0,74365.3584,77623.67135405619
64066.0,4,64,37,0,1,0,1,69326.09173,70601.41791349006
51461.0,3,74,18,0,0,1,0,72709.86324,88081.98412943941
49699.0,3,84,43,0,0,1,1,78721.3035,89642.69218431185
63663.0,4,44,56,1,0,0,1,64125.55798,74580.07073016855
53866.0,3,40,38,0,1,0,0,72441.0059,70451.38335644428
55074.0,3,79,29,0,1,0,0,67749.38943,68524.00026846354
50177.0,3,58,22,0,0,0,1,60864.10072,65155.81779162427
50204.0,4,49,52,0,1,1,1,69110.74728,87640.27217841955
54135.0,2,70,40,0,0,0,1,58680.23185,71589.36800593512
63207.0,2,84,23,0,0,0,1,71112.14338,71233.09725664018
50297.0,2,39,31,1,0,1,0,67527.15019,85587.42567117262
67699.0,2,81,42,0,0,0,1,80017.56002,78192.48298560514
53635.0,4,61,24,0,1,0,1,66094.08436,62535.57839808204
57135.0,2,62,25,0,0,0,1,61164.7386,69089.2566930512
54256.0,4,83,48,0,0,0,1,68986.00038,73609.97289917001
56796.0,3,81,23,1,0,1,1,78555.43398,82187.78706489447
50007.0,4,35,45,0,0,0,0,69125.3422,75170.2219819056
56229.0,3,76,20,0,1,1,0,101915.5993,86086.02532785604
54621.0,2,52,62,0,1,0,1,74204.18914,72911.547238527
46454.0,2,44,43,0,0,1,1,80042.53045,88352.40778581375
52886.0,2,60,23,0,0,0,1,71190.67248,66659.8607890575
60025.0,2,54,31,0,1,0,1,71258.47777,67317.49205782729
49743.0,4,63,41,0,0,0,1,77869.10479,69832.39558243923
60429.0,1,35,58,0,0,0,1,88297.22242,79249.50052494112
65477.0,2,36,48,0,1,0,1,63825.21429,74247.31126060082
42093.0,3,46,31,0,1,0,1,63799.66223,59219.7011813886
54529.0,1,77,19,0,1,0,1,80699.81876,61673.28538977204
58513.0,3,84,19,0,1,1,1,96121.85721,82748.7273224848
58339.0,3,49,41,1,0,0,0,70172.64816,72383.03584737075
59279.0,2,52,40,0,1,0,0,73150.10743,73398.95134589949
51921.0,1,35,31,0,0,0,1,73183.35303,68415.94860153382
52761.0,2,41,37,0,1,0,0,64003.56954,69718.82111877706
65318.0,3,72,46,0,1,0,0,67462.72865,77577.67798117214
57269.0,2,80,22,0,1,0,0,65914.61928,67728.05160228472
55593.0,1,82,51,0,0,0,0,74420.59864,79161.92812792628
53100.0,3,59,18,1,0,1,1,78046.29873,79304.34735248475
41628.0,1,76,35,0,1,0,0,62015.94642,64074.56197513684
61245.0,4,47,59,0,0,0,1,95876.2547,79745.98932567707
62568.0,2,39,36,0,0,1,0,94030.29012,97915.63452007144
48402.0,4,47,37,0,0,1,1,81043.15255,87609.4279432676
58434.0,4,65,59,0,0,0,0,70821.12076,82491.39586378528
54097.0,2,37,36,0,1,0,0,76870.59756,70077.81835670001
63767.0,3,35,39,1,0,0,0,92160.39654,74367.5351981066
50441.0,1,84,18,0,0,0,0,66181.92792,68282.97428281455
55296.0,4,43,52,0,0,0,1,69732.87497,75261.48655288159
53330.0,4,39,27,0,1,0,1,61239.84886,63255.016221181744
66173.0,3,52,18,0,0,0,0,84956.21447,75446.23081391817
52744.0,4,80,40,1,0,0,0,67304.58826,69455.16727855675
61383.0,4,61,29,1,0,0,0,67320.63201,70577.52825914363
60448.0,4,60,46,0,0,1,1,112779.3962,95332.30429164345
55152.0,1,35,38,0,1,0,1,63921.31042,67027.89903497761
42355.0,3,76,30,0,0,0,1,64636.86563,63629.23885082472
53884.0,1,63,40,1,0,0,0,73543.94246,70119.19711281685
49963.0,2,46,50,1,0,0,0,74265.13553,70970.95559373783
53902.0,3,47,20,1,0,1,1,90466.73985,80228.23460975946
44974.0,2,61,41,0,0,0,0,62808.79897,71824.71221566995
61732.0,1,66,33,1,0,0,1,60602.08178,67759.18136483288
42170.0,1,52,38,0,0,0,0,65191.42399,69843.53546832415
62831.0,3,85,42,1,0,0,0,70825.24457,74539.04817584454
57686.0,4,65,56,1,0,0,0,74778.09138,75884.77626352085
57254.0,1,70,58,0,0,0,0,71638.59805,81768.43711781135
60298.0,1,47,52,0,1,1,0,123416.9943,96373.6591250663
47335.0,2,52,20,0,0,1,1,73270.9168,82765.40775444177
54452.0,3,40,54,0,1,0,1,65218.68502,70778.48992058946
49086.0,4,80,58,0,0,0,0,78946.56632,77956.17705118693
57475.0,4,64,45,1,0,0,1,72715.71825,68864.21810410963
60056.0,3,68,26,0,1,0,0,57304.09146,70037.19136353086
42227.0,4,62,63,0,0,0,1,74288.11713,72138.56788035552
51636.0,3,77,58,0,1,0,1,62720.14481,70407.42901776868
52099.0,4,49,37,0,0,0,0,66978.7155,73992.29676372198
64898.0,1,65,25,1,0,0,1,53486.69462,67121.05252432157
67907.0,2,74,52,1,0,1,0,113508.798,98849.90224524618
62908.0,4,41,64,1,0,1,0,107149.0162,99762.12106633099
50268.0,4,37,22,0,1,0,1,62997.46421,60584.8394705693
55183.0,2,78,28,1,0,0,1,64495.67388,63434.125100883604
61183.0,4,67,18,1,0,0,0,60461.92594,67616.94843635357
45023.0,2,39,28,0,0,0,0,65800.20196,68560.96374645915
52364.0,3,77,45,0,0,0,1,65458.43717,72029.69204723266
55788.0,3,70,33,0,0,0,0,79389.32698,74574.80310130896
69032.0,4,46,18,1,0,0,1,56675.94582,67157.62529562207
59439.0,1,77,32,0,0,1,0,108591.1129,95357.08866777587
53547.0,3,82,24,0,0,1,0,88400.48274,90548.4324691053
40996.0,3,37,19,0,0,0,0,74415.20284,64390.19583098602
48796.0,4,85,20,0,0,1,0,77569.74479,87327.15254124893
56829.0,4,74,40,0,0,0,1,81195.85535,72733.26815596141
54748.0,1,68,34,1,0,0,1,69403.40782,64856.89067804319
60337.0,1,37,42,0,0,0,1,71376.41584,75057.59897389528
59176.0,3,35,51,0,1,0,1,67273.97696,72153.2558505781
55672.0,1,43,54,0,1,0,1,71726.7088,71376.55890751019
63448.0,2,76,55,0,1,0,0,94510.72965,79078.09633119198
50429.0,2,41,52,0,0,0,1,75993.46503,73128.96975947457
41989.0,4,48,32,0,0,0,1,62216.45101,64055.06178020236
63087.0,1,66,28,0,0,0,0,70052.79463,76648.97017418563
50400.0,4,76,41,1,0,0,1,62229.28776,64589.60568006974
50106.0,2,66,43,0,0,0,1,71532.8074,70561.33051636748
59860.0,2,54,49,0,0,0,1,78562.34744,76563.64229569864
44965.0,2,77,64,1,0,1,0,83414.05232,91585.78264175942
55558.0,4,68,55,0,0,0,1,66632.82886,76065.3170102702
57337.0,3,76,24,0,0,1,0,88044.34793,92281.8846698339
55210.0,1,80,20,0,0,0,1,62180.74258,66888.53546229166
51416.0,1,84,45,0,0,0,0,73874.69843,75714.67494360835
55875.0,4,76,26,0,1,0,0,67488.08296,68090.82032842707
58333.0,1,38,25,0,1,0,1,66935.06939,65087.23146221019
46631.0,2,56,43,1,0,0,0,69919.87484,67617.13914614677
47633.0,2,62,35,1,0,0,0,63618.79718,65976.19622551558
47460.0,4,82,26,1,0,1,0,74837.7244,82796.41900601555
50315.0,2,46,57,0,0,0,0,77795.34268,78434.50687085612
54384.0,1,76,22,0,0,0,1,74948.17254,67048.01021734334
59354.0,4,72,32,0,1,0,1,60200.17761,67149.58890110259
52881.0,3,57,39,0,0,1,0,87630.9538,94223.08992990489
56763.0,3,38,25,0,1,0,1,58983.45586,64320.14780473239
61870.0,1,42,48,1,0,0,1,65467.75682,71793.26736999428
55180.0,2,73,47,0,1,1,1,79153.15173,88563.1224032887
50723.0,1,59,18,0,0,1,1,80841.084,83780.99880559777
53125.0,1,42,18,1,0,0,0,60333.57108,64156.44323944311
65519.0,3,55,61,0,0,1,0,117307.6988,105634.32309828137
54005.0,1,78,47,0,0,0,1,72128.85695,73343.06774772773
41862.0,2,41,28,0,0,0,1,65494.51133,63045.59576541906
52694.0,1,36,36,0,0,0,1,68185.42821,70056.08096748432
66148.0,2,41,20,0,0,1,0,111739.6545,95381.9830468587
64193.0,1,78,44,1,0,0,0,75081.9738,75755.64822539606
44023.0,3,53,38,0,0,0,1,62231.54372,66538.02554008254
62788.0,4,55,19,0,0,1,0,89010.89926,93496.47402339039
52880.0,1,64,21,1,0,0,0,60310.87935,64742.27303059604
47404.0,4,66,46,0,1,0,0,68071.37069,69480.71107151949
53042.0,3,83,58,0,0,0,0,84687.71582,79760.76372027572
50887.0,4,37,20,0,0,0,0,63597.09005,69086.80320377315
52604.0,3,82,18,0,0,0,0,75098.21571,69208.99259590148
53239.0,4,78,28,1,0,0,1,67381.60661,62498.14560214503
51444.0,2,42,33,0,1,0,0,67500.55424,68084.65800646314
54855.0,3,53,19,0,1,0,1,60631.2339,61850.078881510875
59883.0,4,40,45,1,0,1,0,119585.4895,93479.83192094624
58204.0,4,36,62,0,1,1,0,101108.8555,97970.48177757025
50670.0,1,41,25,0,0,0,1,68130.71874,66275.44757871216
53045.0,3,47,43,0,0,1,0,105077.7049,95369.43732582188
47753.0,4,73,42,0,0,1,0,90597.18487,92596.66325918383
49240.0,2,67,24,1,0,0,1,60020.12679,59754.72029797053
47842.0,1,77,29,0,0,1,1,83103.7726,85262.56358640642
49427.0,1,82,32,0,1,1,0,86755.79298,86157.74463538313
54876.0,3,82,25,0,0,1,1,90608.40514,87326.96312147769
55179.0,4,54,41,0,0,0,0,72895.67263,76400.7044841873
47650.0,2,49,42,0,1,0,0,72634.97876,68676.21285516894
52669.0,2,84,33,0,1,0,1,66633.05895,64403.88341706869
64069.0,2,40,34,0,0,0,0,76812.81209,78711.99853869007
56004.0,1,69,19,0,0,1,1,92433.8827,86388.27936694871
46000.0,4,64,30,0,1,1,1,63148.61644,79990.29509299164
50518.0,3,75,18,0,0,0,0,82046.22627,68292.5357526034
50130.0,2,40,19,0,0,0,1,54356.94539,64452.55457742604
76070.0,2,54,18,1,0,0,0,58309.55542,74445.37880035663
60495.0,3,47,35,0,0,0,0,84676.05262,77302.3375476994
50935.0,2,67,39,0,1,0,1,66054.38839,65236.55476727671
60109.0,2,47,31,0,1,0,0,61396.47941,71461.56966547799
55145.0,4,38,62,0,0,1,0,82190.51522,101241.48515061497
62619.0,1,77,62,1,0,0,0,71767.67325,79709.4245032293
61299.0,4,72,42,1,0,1,1,103103.6449,89145.013249446
47058.0,4,53,31,0,1,0,0,62076.84769,65487.83082562278
59344.0,1,64,61,0,0,0,0,84601.54125,83511.00287487319
61239.0,4,85,42,0,0,0,1,69545.8808,75202.4993631684
57311.0,3,54,51,1,0,0,0,66931.93484,74489.94272431903
47080.0,4,66,23,0,0,0,1,84688.33049,63957.91438218182
59189.0,4,45,52,0,0,0,0,82670.84974,81092.81130577585
46452.0,4,83,57,1,0,0,1,70993.96711,66924.19967567505
58254.0,4,42,23,0,0,0,1,73463.16278,69091.67285550945
72649.0,3,69,52,0,0,0,1,78861.45782,83032.06259998224
59661.0,4,68,50,0,1,0,0,69712.40366,76044.34627219132
53714.0,1,67,18,0,0,0,1,69298.7501,65742.5514288778
61957.0,1,47,18,1,0,0,1,66397.77069,64046.074942610125
53203.0,3,69,21,0,0,0,1,64044.38295,66223.22214183425
51820.0,1,47,61,0,1,1,1,83346.06096,90794.9408077081
